timeStamp,elapsed,label,responseCode,responseMessage,threadName,dataType,success,failureMessage,bytes,sentBytes,grpThreads,allThreads,URL,Latency,IdleTime,Connect
1668877236615,93,HTTP Request,200,OK,Thread Group 1-3,bin,true,,52855,175,5,5,http://192.168.229.128/medium1.png,86,0,3
1668877236649,79,HTTP Request,200,OK,Thread Group 1-4,text,true,,237995,175,6,6,http://192.168.229.128/medium3.pdf,29,0,2
1668877236681,47,HTTP Request,200,OK,Thread Group 1-5,text,true,,237995,175,6,6,http://192.168.229.128/medium3.pdf,9,0,2
1668877236582,151,HTTP Request,200,OK,Thread Group 1-2,text,true,,237995,175,6,6,http://192.168.229.128/medium3.pdf,96,0,5
1668877236714,26,HTTP Request,200,OK,Thread Group 1-6,bin,true,,52855,175,6,6,http://192.168.229.128/medium1.png,22,0,14
1668877236548,207,HTTP Request,200,OK,Thread Group 1-1,text,true,,162483,175,7,7,http://192.168.229.128/medium2.pdf,180,0,3
1668877236749,36,HTTP Request,200,OK,Thread Group 1-7,text,true,,237995,175,8,8,http://192.168.229.128/medium3.pdf,11,0,6
1668877236779,25,HTTP Request,200,OK,Thread Group 1-8,text,true,,162483,175,8,8,http://192.168.229.128/medium2.pdf,8,0,6
1668877236813,34,HTTP Request,200,OK,Thread Group 1-9,text,true,,162483,175,10,10,http://192.168.229.128/medium2.pdf,8,0,4
1668877236846,17,HTTP Request,200,OK,Thread Group 1-10,text,true,,162483,175,10,10,http://192.168.229.128/medium2.pdf,9,0,4
1668877236879,18,HTTP Request,200,OK,Thread Group 1-11,text,true,,162483,175,11,11,http://192.168.229.128/medium2.pdf,6,0,4
1668877236911,18,HTTP Request,200,OK,Thread Group 1-12,bin,true,,52855,175,12,12,http://192.168.229.128/medium1.png,6,0,3
1668877236945,26,HTTP Request,200,OK,Thread Group 1-13,text,true,,237995,175,13,13,http://192.168.229.128/medium3.pdf,6,0,2
1668877236979,28,HTTP Request,200,OK,Thread Group 1-14,text,true,,237995,175,14,14,http://192.168.229.128/medium3.pdf,12,0,1
1668877237015,44,HTTP Request,200,OK,Thread Group 1-3,text,true,,162482,175,16,16,http://192.168.229.128/medium2.pdf,11,0,0
1668877237011,70,HTTP Request,200,OK,Thread Group 1-15,text,true,,237995,175,17,17,http://192.168.229.128/medium3.pdf,15,0,1
1668877237063,19,HTTP Request,200,OK,Thread Group 1-2,bin,true,,52854,175,17,17,http://192.168.229.128/medium1.png,18,0,0
1668877237044,47,HTTP Request,200,OK,Thread Group 1-16,text,true,,162483,175,17,17,http://192.168.229.128/medium2.pdf,21,0,15
1668877237078,21,HTTP Request,200,OK,Thread Group 1-17,text,true,,162483,175,17,17,http://192.168.229.128/medium2.pdf,14,0,4
1668877237108,18,HTTP Request,200,OK,Thread Group 1-1,text,true,,237994,175,18,18,http://192.168.229.128/medium3.pdf,2,0,0
1668877237109,30,HTTP Request,200,OK,Thread Group 1-18,text,true,,162483,175,18,18,http://192.168.229.128/medium2.pdf,15,0,3
1668877237129,13,HTTP Request,200,OK,Thread Group 1-4,text,true,,237994,175,19,19,http://192.168.229.128/medium3.pdf,10,0,0
1668877237142,47,HTTP Request,200,OK,Thread Group 1-19,text,true,,237995,175,20,20,http://192.168.229.128/medium3.pdf,4,0,2
1668877237176,46,HTTP Request,200,OK,Thread Group 1-20,text,true,,162483,175,21,21,http://192.168.229.128/medium2.pdf,13,0,4
1668877237194,28,HTTP Request,200,OK,Thread Group 1-6,bin,true,,52854,175,21,21,http://192.168.229.128/medium1.png,14,0,0
1668877237161,65,HTTP Request,200,OK,Thread Group 1-5,text,true,,162482,175,21,21,http://192.168.229.128/medium2.pdf,19,0,0
1668877237209,51,HTTP Request,200,OK,Thread Group 1-21,text,true,,162483,175,22,22,http://192.168.229.128/medium2.pdf,17,0,13
1668877237243,44,HTTP Request,200,OK,Thread Group 1-22,text,true,,237995,175,23,23,http://192.168.229.128/medium3.pdf,16,0,11
1668877237274,37,HTTP Request,200,OK,Thread Group 1-23,text,true,,162483,175,24,24,http://192.168.229.128/medium2.pdf,13,0,3
1668877237308,11,HTTP Request,200,OK,Thread Group 1-24,bin,true,,52855,175,24,24,http://192.168.229.128/medium1.png,7,0,3
1668877237341,38,HTTP Request,200,OK,Thread Group 1-25,text,true,,162483,175,26,26,http://192.168.229.128/medium2.pdf,10,0,1
1668877237374,42,HTTP Request,200,OK,Thread Group 1-26,text,true,,237995,175,27,27,http://192.168.229.128/medium3.pdf,11,0,5
1668877237388,36,HTTP Request,200,OK,Thread Group 1-7,bin,true,,52854,175,27,27,http://192.168.229.128/medium1.png,10,0,0
1668877237406,76,HTTP Request,200,OK,Thread Group 1-27,text,true,,237995,175,29,29,http://192.168.229.128/medium3.pdf,18,0,10
1668877237473,20,HTTP Request,200,OK,Thread Group 1-29,bin,true,,52855,175,29,29,http://192.168.229.128/medium1.png,9,0,3
1668877237421,73,HTTP Request,200,OK,Thread Group 1-8,text,true,,237994,175,29,29,http://192.168.229.128/medium3.pdf,10,0,0
1668877237441,53,HTTP Request,200,OK,Thread Group 1-28,text,true,,162483,175,29,29,http://192.168.229.128/medium2.pdf,35,0,8
1668877237507,7,HTTP Request,200,OK,Thread Group 1-30,bin,true,,52855,175,30,30,http://192.168.229.128/medium1.png,3,0,2
1668877237614,8,HTTP Request,200,OK,Thread Group 1-9,bin,true,,52854,175,30,30,http://192.168.229.128/medium1.png,4,0,0
1668877237649,15,HTTP Request,200,OK,Thread Group 1-10,bin,true,,52854,175,30,30,http://192.168.229.128/medium1.png,7,0,0
1668877237759,16,HTTP Request,200,OK,Thread Group 1-11,text,true,,237994,175,30,30,http://192.168.229.128/medium3.pdf,4,0,0
1668877237871,5,HTTP Request,200,OK,Thread Group 1-12,bin,true,,52854,175,30,30,http://192.168.229.128/medium1.png,2,0,0
1668877237986,8,HTTP Request,200,OK,Thread Group 1-13,bin,true,,52854,175,30,30,http://192.168.229.128/medium1.png,1,0,0
1668877238098,28,HTTP Request,200,OK,Thread Group 1-14,bin,true,,52854,175,30,30,http://192.168.229.128/medium1.png,9,0,0
1668877238294,42,HTTP Request,200,OK,Thread Group 1-3,text,true,,237994,175,30,30,http://192.168.229.128/medium3.pdf,3,0,0
1668877238371,32,HTTP Request,200,OK,Thread Group 1-15,text,true,,162482,175,30,30,http://192.168.229.128/medium2.pdf,3,0,0
1668877238406,5,HTTP Request,200,OK,Thread Group 1-16,bin,true,,52854,175,30,30,http://192.168.229.128/medium1.png,1,0,0
1668877238423,25,HTTP Request,200,OK,Thread Group 1-2,bin,true,,52854,175,30,30,http://192.168.229.128/medium1.png,3,0,0
1668877238437,26,HTTP Request,200,OK,Thread Group 1-17,bin,true,,52854,175,30,30,http://192.168.229.128/medium1.png,11,0,0
1668877238549,26,HTTP Request,200,OK,Thread Group 1-18,bin,true,,52854,175,30,30,http://192.168.229.128/medium1.png,4,0,0
1668877238550,34,HTTP Request,200,OK,Thread Group 1-1,bin,true,,52854,175,30,30,http://192.168.229.128/medium1.png,21,0,0
1668877238648,18,HTTP Request,200,OK,Thread Group 1-4,bin,true,,52854,175,30,30,http://192.168.229.128/medium1.png,3,0,0
1668877238743,29,HTTP Request,200,OK,Thread Group 1-19,text,true,,237994,175,30,30,http://192.168.229.128/medium3.pdf,4,0,0
1668877238842,15,HTTP Request,200,OK,Thread Group 1-5,text,true,,162482,175,30,30,http://192.168.229.128/medium2.pdf,2,0,0
1668877238857,9,HTTP Request,200,OK,Thread Group 1-20,bin,true,,52854,175,30,30,http://192.168.229.128/medium1.png,1,0,0
1668877238872,37,HTTP Request,200,OK,Thread Group 1-6,text,true,,237994,175,30,30,http://192.168.229.128/medium3.pdf,3,0,0
1668877238970,4,HTTP Request,200,OK,Thread Group 1-21,bin,true,,52854,175,30,30,http://192.168.229.128/medium1.png,1,0,0
1668877239083,39,HTTP Request,200,OK,Thread Group 1-22,text,true,,237994,175,30,30,http://192.168.229.128/medium3.pdf,12,0,0
1668877239194,27,HTTP Request,200,OK,Thread Group 1-23,text,true,,162482,175,30,30,http://192.168.229.128/medium2.pdf,4,0,0
1668877239229,67,HTTP Request,200,OK,Thread Group 1-24,text,true,,237994,175,30,30,http://192.168.229.128/medium3.pdf,13,0,0
1668877239421,24,HTTP Request,200,OK,Thread Group 1-25,bin,true,,52854,175,30,30,http://192.168.229.128/medium1.png,3,0,0
1668877239533,17,HTTP Request,200,OK,Thread Group 1-26,text,true,,237994,175,30,30,http://192.168.229.128/medium3.pdf,2,0,0
1668877239551,74,HTTP Request,200,OK,Thread Group 1-7,text,true,,237994,175,30,30,http://192.168.229.128/medium3.pdf,11,0,0
1668877239726,42,HTTP Request,200,OK,Thread Group 1-27,text,true,,162482,175,30,30,http://192.168.229.128/medium2.pdf,3,0,0
1668877239740,41,HTTP Request,200,OK,Thread Group 1-8,bin,true,,52854,175,30,30,http://192.168.229.128/medium1.png,10,0,0
1668877239762,19,HTTP Request,200,OK,Thread Group 1-28,bin,true,,52854,175,30,30,http://192.168.229.128/medium1.png,6,0,0
1668877239794,6,HTTP Request,200,OK,Thread Group 1-29,bin,true,,52854,175,30,30,http://192.168.229.128/medium1.png,3,0,0
1668877239908,10,HTTP Request,200,OK,Thread Group 1-30,bin,true,,52854,175,30,30,http://192.168.229.128/medium1.png,2,0,0
1668877240013,21,HTTP Request,200,OK,Thread Group 1-9,text,true,,237994,175,30,30,http://192.168.229.128/medium3.pdf,5,0,0
1668877240049,41,HTTP Request,200,OK,Thread Group 1-10,text,true,,237994,175,30,30,http://192.168.229.128/medium3.pdf,14,0,0
1668877240160,28,HTTP Request,200,OK,Thread Group 1-11,text,true,,162482,175,30,30,http://192.168.229.128/medium2.pdf,2,0,0
1668877240271,49,HTTP Request,200,OK,Thread Group 1-12,text,true,,237994,175,30,30,http://192.168.229.128/medium3.pdf,4,0,0
1668877240385,21,HTTP Request,200,OK,Thread Group 1-13,text,true,,237994,175,30,30,http://192.168.229.128/medium3.pdf,6,0,0
1668877240498,13,HTTP Request,200,OK,Thread Group 1-14,text,true,,237994,175,30,30,http://192.168.229.128/medium3.pdf,3,0,0
1668877240694,20,HTTP Request,200,OK,Thread Group 1-3,text,true,,162482,175,30,30,http://192.168.229.128/medium2.pdf,3,0,0
1668877240771,52,HTTP Request,200,OK,Thread Group 1-15,text,true,,237994,175,30,30,http://192.168.229.128/medium3.pdf,2,0,0
1668877240804,28,HTTP Request,200,OK,Thread Group 1-16,bin,true,,52854,175,30,30,http://192.168.229.128/medium1.png,19,0,0
1668877240821,22,HTTP Request,200,OK,Thread Group 1-2,text,true,,162482,175,30,30,http://192.168.229.128/medium2.pdf,4,0,0
1668877240837,19,HTTP Request,200,OK,Thread Group 1-17,bin,true,,52854,175,30,30,http://192.168.229.128/medium1.png,6,0,0
1668877240948,36,HTTP Request,200,OK,Thread Group 1-1,text,true,,237994,175,30,30,http://192.168.229.128/medium3.pdf,2,0,0
1668877240949,50,HTTP Request,200,OK,Thread Group 1-18,text,true,,162482,175,30,30,http://192.168.229.128/medium2.pdf,14,0,0
1668877241049,14,HTTP Request,200,OK,Thread Group 1-4,text,true,,237994,175,30,30,http://192.168.229.128/medium3.pdf,4,0,0
1668877241144,23,HTTP Request,200,OK,Thread Group 1-19,text,true,,162482,175,30,30,http://192.168.229.128/medium2.pdf,5,0,0
1668877241241,34,HTTP Request,200,OK,Thread Group 1-5,text,true,,237994,175,30,30,http://192.168.229.128/medium3.pdf,1,0,0
1668877241257,41,HTTP Request,200,OK,Thread Group 1-20,text,true,,162482,175,30,30,http://192.168.229.128/medium2.pdf,2,0,0
1668877241274,47,HTTP Request,200,OK,Thread Group 1-6,text,true,,237994,175,30,30,http://192.168.229.128/medium3.pdf,8,0,0
1668877241369,17,HTTP Request,200,OK,Thread Group 1-21,text,true,,162482,175,30,30,http://192.168.229.128/medium2.pdf,3,0,0
1668877241484,19,HTTP Request,200,OK,Thread Group 1-22,bin,true,,52854,175,30,30,http://192.168.229.128/medium1.png,2,0,0
1668877241596,70,HTTP Request,200,OK,Thread Group 1-23,text,true,,237994,175,30,30,http://192.168.229.128/medium3.pdf,4,0,0
1668877241628,80,HTTP Request,200,OK,Thread Group 1-24,text,true,,237994,175,30,30,http://192.168.229.128/medium3.pdf,3,0,0
1668877241820,45,HTTP Request,200,OK,Thread Group 1-25,text,true,,162482,175,30,30,http://192.168.229.128/medium2.pdf,1,0,0
1668877241935,8,HTTP Request,200,OK,Thread Group 1-26,bin,true,,52854,175,30,30,http://192.168.229.128/medium1.png,1,0,0
1668877241949,28,HTTP Request,200,OK,Thread Group 1-7,text,true,,162482,175,30,30,http://192.168.229.128/medium2.pdf,2,0,0
1668877242125,7,HTTP Request,200,OK,Thread Group 1-27,bin,true,,52854,175,30,30,http://192.168.229.128/medium1.png,2,0,0
1668877242142,20,HTTP Request,200,OK,Thread Group 1-8,bin,true,,52854,175,30,30,http://192.168.229.128/medium1.png,1,0,0
1668877242164,12,HTTP Request,200,OK,Thread Group 1-28,bin,true,,52854,175,30,30,http://192.168.229.128/medium1.png,2,0,0
1668877242192,34,HTTP Request,200,OK,Thread Group 1-29,text,true,,162482,175,30,30,http://192.168.229.128/medium2.pdf,2,0,0
1668877242308,67,HTTP Request,200,OK,Thread Group 1-30,text,true,,237994,175,30,30,http://192.168.229.128/medium3.pdf,3,0,0
1668877242413,54,HTTP Request,200,OK,Thread Group 1-9,text,true,,237994,175,30,30,http://192.168.229.128/medium3.pdf,4,0,0
1668877242447,28,HTTP Request,200,OK,Thread Group 1-10,bin,true,,52854,175,30,30,http://192.168.229.128/medium1.png,20,0,0
1668877242562,36,HTTP Request,200,OK,Thread Group 1-11,text,true,,162482,175,30,30,http://192.168.229.128/medium2.pdf,4,0,0
1668877242670,56,HTTP Request,200,OK,Thread Group 1-12,text,true,,162482,175,30,30,http://192.168.229.128/medium2.pdf,5,0,0
1668877242787,11,HTTP Request,200,OK,Thread Group 1-13,bin,true,,52854,175,30,30,http://192.168.229.128/medium1.png,4,0,0
1668877242901,14,HTTP Request,200,OK,Thread Group 1-14,text,true,,162482,175,30,30,http://192.168.229.128/medium2.pdf,6,0,0
1668877243096,12,HTTP Request,200,OK,Thread Group 1-3,bin,true,,52854,175,30,30,http://192.168.229.128/medium1.png,7,0,0
1668877243170,4,HTTP Request,200,OK,Thread Group 1-15,bin,true,,52854,175,30,30,http://192.168.229.128/medium1.png,2,0,0
1668877243204,23,HTTP Request,200,OK,Thread Group 1-16,bin,true,,52854,175,30,30,http://192.168.229.128/medium1.png,8,0,0
1668877243221,28,HTTP Request,200,OK,Thread Group 1-2,text,true,,237994,175,30,30,http://192.168.229.128/medium3.pdf,6,0,0
1668877243239,29,HTTP Request,200,OK,Thread Group 1-17,text,true,,162482,175,30,30,http://192.168.229.128/medium2.pdf,10,0,0
1668877243348,24,HTTP Request,200,OK,Thread Group 1-1,text,true,,237994,175,30,30,http://192.168.229.128/medium3.pdf,3,0,0
1668877243352,45,HTTP Request,200,OK,Thread Group 1-18,text,true,,162482,175,30,30,http://192.168.229.128/medium2.pdf,5,0,0
1668877243448,35,HTTP Request,200,OK,Thread Group 1-4,text,true,,162482,175,30,30,http://192.168.229.128/medium2.pdf,2,0,0
1668877243542,15,HTTP Request,200,OK,Thread Group 1-19,bin,true,,52854,175,30,30,http://192.168.229.128/medium1.png,2,0,0
1668877243655,23,HTTP Request,200,OK,Thread Group 1-20,bin,true,,52854,175,30,30,http://192.168.229.128/medium1.png,11,0,0
1668877243640,38,HTTP Request,200,OK,Thread Group 1-5,text,true,,162482,175,30,30,http://192.168.229.128/medium2.pdf,11,0,0
1668877243675,26,HTTP Request,200,OK,Thread Group 1-6,text,true,,162482,175,30,30,http://192.168.229.128/medium2.pdf,3,0,0
1668877243769,45,HTTP Request,200,OK,Thread Group 1-21,text,true,,237994,175,30,30,http://192.168.229.128/medium3.pdf,1,0,0
1668877243883,35,HTTP Request,200,OK,Thread Group 1-22,text,true,,237994,175,30,30,http://192.168.229.128/medium3.pdf,4,0,0
1668877243995,7,HTTP Request,200,OK,Thread Group 1-23,bin,true,,52854,175,30,30,http://192.168.229.128/medium1.png,3,0,0
1668877244032,39,HTTP Request,200,OK,Thread Group 1-24,text,true,,237994,175,30,30,http://192.168.229.128/medium3.pdf,1,0,0
1668877244221,42,HTTP Request,200,OK,Thread Group 1-25,text,true,,162482,175,30,30,http://192.168.229.128/medium2.pdf,1,0,0
1668877244336,13,HTTP Request,200,OK,Thread Group 1-26,bin,true,,52854,175,30,30,http://192.168.229.128/medium1.png,7,0,0
1668877244348,6,HTTP Request,200,OK,Thread Group 1-7,bin,true,,52854,175,30,30,http://192.168.229.128/medium1.png,2,0,0
1668877244525,17,HTTP Request,200,OK,Thread Group 1-27,bin,true,,52854,175,30,30,http://192.168.229.128/medium1.png,4,0,0
1668877244561,46,HTTP Request,200,OK,Thread Group 1-28,text,true,,162482,175,30,30,http://192.168.229.128/medium2.pdf,14,0,0
1668877244539,68,HTTP Request,200,OK,Thread Group 1-8,text,true,,237994,175,30,30,http://192.168.229.128/medium3.pdf,6,0,0
1668877244594,55,HTTP Request,200,OK,Thread Group 1-29,text,true,,162482,175,30,30,http://192.168.229.128/medium2.pdf,7,0,0
1668877244707,60,HTTP Request,200,OK,Thread Group 1-30,text,true,,237994,175,30,30,http://192.168.229.128/medium3.pdf,3,0,0
1668877244813,6,HTTP Request,200,OK,Thread Group 1-9,bin,true,,52854,175,30,30,http://192.168.229.128/medium1.png,4,0,0
1668877244847,54,HTTP Request,200,OK,Thread Group 1-10,text,true,,237994,175,30,30,http://192.168.229.128/medium3.pdf,3,0,0
1668877244959,3,HTTP Request,200,OK,Thread Group 1-11,bin,true,,52854,175,30,30,http://192.168.229.128/medium1.png,2,0,0
1668877245072,16,HTTP Request,200,OK,Thread Group 1-12,bin,true,,52854,175,30,30,http://192.168.229.128/medium1.png,6,0,0
1668877245187,22,HTTP Request,200,OK,Thread Group 1-13,bin,true,,52854,175,30,30,http://192.168.229.128/medium1.png,1,0,0
1668877245299,15,HTTP Request,200,OK,Thread Group 1-14,bin,true,,52854,175,30,30,http://192.168.229.128/medium1.png,6,0,0
1668877245494,35,HTTP Request,200,OK,Thread Group 1-3,text,true,,162482,175,30,30,http://192.168.229.128/medium2.pdf,7,0,0
1668877245572,26,HTTP Request,200,OK,Thread Group 1-15,bin,true,,52854,175,30,30,http://192.168.229.128/medium1.png,2,0,0
1668877245623,23,HTTP Request,200,OK,Thread Group 1-2,bin,true,,52854,175,30,30,http://192.168.229.128/medium1.png,12,0,0
1668877245604,64,HTTP Request,200,OK,Thread Group 1-16,text,true,,237994,175,30,30,http://192.168.229.128/medium3.pdf,2,0,0
1668877245638,63,HTTP Request,200,OK,Thread Group 1-17,text,true,,237994,175,30,30,http://192.168.229.128/medium3.pdf,8,0,0
1668877245749,14,HTTP Request,200,OK,Thread Group 1-1,bin,true,,52854,175,30,30,http://192.168.229.128/medium1.png,2,0,0
1668877245752,44,HTTP Request,200,OK,Thread Group 1-18,text,true,,162482,175,30,30,http://192.168.229.128/medium2.pdf,11,0,0
1668877245847,45,HTTP Request,200,OK,Thread Group 1-4,text,true,,237994,175,30,30,http://192.168.229.128/medium3.pdf,2,0,0
1668877245942,47,HTTP Request,200,OK,Thread Group 1-19,text,true,,237994,175,30,30,http://192.168.229.128/medium3.pdf,3,0,0
1668877246043,9,HTTP Request,200,OK,Thread Group 1-5,bin,true,,52854,175,30,30,http://192.168.229.128/medium1.png,4,0,0
1668877246057,28,HTTP Request,200,OK,Thread Group 1-20,bin,true,,52854,175,30,30,http://192.168.229.128/medium1.png,6,0,0
1668877246075,61,HTTP Request,200,OK,Thread Group 1-6,text,true,,237994,175,30,30,http://192.168.229.128/medium3.pdf,10,0,0
1668877246168,21,HTTP Request,200,OK,Thread Group 1-21,text,true,,237994,175,30,30,http://192.168.229.128/medium3.pdf,3,0,0
1668877246285,58,HTTP Request,200,OK,Thread Group 1-22,text,true,,237994,175,30,30,http://192.168.229.128/medium3.pdf,2,0,0
1668877246395,44,HTTP Request,200,OK,Thread Group 1-23,text,true,,162482,175,30,30,http://192.168.229.128/medium2.pdf,2,0,0
1668877246428,19,HTTP Request,200,OK,Thread Group 1-24,bin,true,,52854,175,30,30,http://192.168.229.128/medium1.png,11,0,0
1668877246620,11,HTTP Request,200,OK,Thread Group 1-25,bin,true,,52854,175,30,30,http://192.168.229.128/medium1.png,2,0,0
1668877246735,23,HTTP Request,200,OK,Thread Group 1-26,bin,true,,52854,175,30,30,http://192.168.229.128/medium1.png,4,0,0
1668877246749,96,HTTP Request,200,OK,Thread Group 1-7,text,true,,237994,175,30,30,http://192.168.229.128/medium3.pdf,9,0,0
1668877246925,26,HTTP Request,200,OK,Thread Group 1-27,bin,true,,52854,175,30,30,http://192.168.229.128/medium1.png,2,0,0
1668877246940,22,HTTP Request,200,OK,Thread Group 1-8,text,true,,162482,175,30,30,http://192.168.229.128/medium2.pdf,11,0,0
1668877246963,41,HTTP Request,200,OK,Thread Group 1-28,text,true,,237994,175,30,30,http://192.168.229.128/medium3.pdf,3,0,0
1668877246994,52,HTTP Request,200,OK,Thread Group 1-29,text,true,,162482,175,30,30,http://192.168.229.128/medium2.pdf,10,0,0
1668877247108,38,HTTP Request,200,OK,Thread Group 1-30,text,true,,162482,175,30,30,http://192.168.229.128/medium2.pdf,3,0,0
1668877247214,33,HTTP Request,200,OK,Thread Group 1-9,text,true,,237994,175,30,30,http://192.168.229.128/medium3.pdf,5,0,0
1668877247246,48,HTTP Request,200,OK,Thread Group 1-10,text,true,,237994,175,30,30,http://192.168.229.128/medium3.pdf,1,0,0
1668877247360,11,HTTP Request,200,OK,Thread Group 1-11,bin,true,,52854,175,30,30,http://192.168.229.128/medium1.png,3,0,0
1668877247472,53,HTTP Request,200,OK,Thread Group 1-12,text,true,,237994,175,30,30,http://192.168.229.128/medium3.pdf,7,0,0
1668877247587,40,HTTP Request,200,OK,Thread Group 1-13,text,true,,162482,175,30,30,http://192.168.229.128/medium2.pdf,1,0,0
1668877247698,57,HTTP Request,200,OK,Thread Group 1-14,text,true,,237994,175,30,30,http://192.168.229.128/medium3.pdf,4,0,0
1668877247895,20,HTTP Request,200,OK,Thread Group 1-3,bin,true,,52854,175,30,30,http://192.168.229.128/medium1.png,4,0,0
1668877247972,7,HTTP Request,200,OK,Thread Group 1-15,bin,true,,52854,175,30,30,http://192.168.229.128/medium1.png,3,0,0
1668877248021,4,HTTP Request,200,OK,Thread Group 1-2,bin,true,,52854,175,30,30,http://192.168.229.128/medium1.png,1,0,0
1668877248005,21,HTTP Request,200,OK,Thread Group 1-16,text,true,,237994,175,30,30,http://192.168.229.128/medium3.pdf,2,0,0
1668877248037,5,HTTP Request,200,OK,Thread Group 1-17,bin,true,,52854,175,30,30,http://192.168.229.128/medium1.png,1,0,0
1668877248150,34,HTTP Request,200,OK,Thread Group 1-18,bin,true,,52854,175,30,30,http://192.168.229.128/medium1.png,14,0,0
1668877248149,46,HTTP Request,200,OK,Thread Group 1-1,text,true,,237994,175,30,30,http://192.168.229.128/medium3.pdf,2,0,0
1668877248248,8,HTTP Request,200,OK,Thread Group 1-4,bin,true,,52854,175,30,30,http://192.168.229.128/medium1.png,2,0,0
1668877248342,56,HTTP Request,200,OK,Thread Group 1-19,text,true,,162482,175,30,30,http://192.168.229.128/medium2.pdf,4,0,0
1668877248441,33,HTTP Request,200,OK,Thread Group 1-5,text,true,,162482,175,30,30,http://192.168.229.128/medium2.pdf,1,0,0
1668877248457,30,HTTP Request,200,OK,Thread Group 1-20,text,true,,162482,175,30,30,http://192.168.229.128/medium2.pdf,2,0,0
1668877248473,22,HTTP Request,200,OK,Thread Group 1-6,bin,true,,52854,175,30,30,http://192.168.229.128/medium1.png,11,0,0
1668877248569,55,HTTP Request,200,OK,Thread Group 1-21,text,true,,237994,175,30,30,http://192.168.229.128/medium3.pdf,1,0,0
1668877248684,68,HTTP Request,200,OK,Thread Group 1-22,text,true,,162482,175,30,30,http://192.168.229.128/medium2.pdf,8,0,0
1668877248794,43,HTTP Request,200,OK,Thread Group 1-23,text,true,,162482,175,30,30,http://192.168.229.128/medium2.pdf,3,0,0
1668877248829,34,HTTP Request,200,OK,Thread Group 1-24,text,true,,162482,175,30,30,http://192.168.229.128/medium2.pdf,8,0,0
1668877249021,53,HTTP Request,200,OK,Thread Group 1-25,text,true,,162482,175,30,30,http://192.168.229.128/medium2.pdf,1,0,0
1668877249133,39,HTTP Request,200,OK,Thread Group 1-26,text,true,,237994,175,30,30,http://192.168.229.128/medium3.pdf,1,0,0
1668877249150,24,HTTP Request,200,OK,Thread Group 1-7,bin,true,,52854,175,30,30,http://192.168.229.128/medium1.png,20,0,0
1668877249326,5,HTTP Request,200,OK,Thread Group 1-27,bin,true,,52854,175,30,30,http://192.168.229.128/medium1.png,2,0,0
1668877249340,5,HTTP Request,200,OK,Thread Group 1-8,bin,true,,52854,175,30,30,http://192.168.229.128/medium1.png,2,0,0
1668877249363,32,HTTP Request,200,OK,Thread Group 1-28,text,true,,162482,175,30,30,http://192.168.229.128/medium2.pdf,2,0,0
1668877249393,36,HTTP Request,200,OK,Thread Group 1-29,text,true,,162482,175,30,30,http://192.168.229.128/medium2.pdf,7,0,0
1668877249509,46,HTTP Request,200,OK,Thread Group 1-30,text,true,,237994,175,30,30,http://192.168.229.128/medium3.pdf,6,0,0
1668877249614,12,HTTP Request,200,OK,Thread Group 1-9,text,true,,162482,175,30,30,http://192.168.229.128/medium2.pdf,5,0,0
1668877249647,9,HTTP Request,200,OK,Thread Group 1-10,bin,true,,52854,175,30,30,http://192.168.229.128/medium1.png,3,0,0
1668877249759,20,HTTP Request,200,OK,Thread Group 1-11,bin,true,,52854,175,30,30,http://192.168.229.128/medium1.png,7,0,0
1668877249871,8,HTTP Request,200,OK,Thread Group 1-12,bin,true,,52854,175,30,30,http://192.168.229.128/medium1.png,2,0,0
1668877249985,34,HTTP Request,200,OK,Thread Group 1-13,text,true,,162482,175,30,30,http://192.168.229.128/medium2.pdf,4,0,0
1668877250099,63,HTTP Request,200,OK,Thread Group 1-14,text,true,,162482,175,30,30,http://192.168.229.128/medium2.pdf,4,0,0
1668877250295,30,HTTP Request,200,OK,Thread Group 1-3,text,true,,162482,175,30,30,http://192.168.229.128/medium2.pdf,2,0,0
1668877250371,17,HTTP Request,200,OK,Thread Group 1-15,bin,true,,52854,175,30,30,http://192.168.229.128/medium1.png,1,0,0
1668877250406,13,HTTP Request,200,OK,Thread Group 1-16,bin,true,,52854,175,30,30,http://192.168.229.128/medium1.png,2,0,0
1668877250421,36,HTTP Request,200,OK,Thread Group 1-2,text,true,,237994,175,30,30,http://192.168.229.128/medium3.pdf,1,0,0
1668877250438,20,HTTP Request,200,OK,Thread Group 1-17,bin,true,,52854,175,30,30,http://192.168.229.128/medium1.png,13,0,0
1668877250549,47,HTTP Request,200,OK,Thread Group 1-1,text,true,,162482,175,30,30,http://192.168.229.128/medium2.pdf,3,0,0
1668877250550,58,HTTP Request,200,OK,Thread Group 1-18,text,true,,237994,175,30,30,http://192.168.229.128/medium3.pdf,16,0,0
1668877250648,26,HTTP Request,200,OK,Thread Group 1-4,text,true,,162482,175,30,30,http://192.168.229.128/medium2.pdf,2,0,0
1668877250744,60,HTTP Request,200,OK,Thread Group 1-19,text,true,,237994,175,30,30,http://192.168.229.128/medium3.pdf,2,0,0
1668877250841,91,HTTP Request,200,OK,Thread Group 1-5,text,true,,237994,175,30,30,http://192.168.229.128/medium3.pdf,1,0,0
1668877250857,107,HTTP Request,200,OK,Thread Group 1-20,text,true,,237994,175,30,30,http://192.168.229.128/medium3.pdf,10,0,0
1668877250874,91,HTTP Request,200,OK,Thread Group 1-6,text,true,,162482,175,30,30,http://192.168.229.128/medium2.pdf,25,0,0
1668877250969,44,HTTP Request,200,OK,Thread Group 1-21,text,true,,162482,175,30,30,http://192.168.229.128/medium2.pdf,1,0,0
1668877251086,39,HTTP Request,200,OK,Thread Group 1-22,text,true,,237994,175,30,30,http://192.168.229.128/medium3.pdf,0,0,0
1668877251195,26,HTTP Request,200,OK,Thread Group 1-23,text,true,,162482,175,30,30,http://192.168.229.128/medium2.pdf,1,0,0
1668877251229,32,HTTP Request,200,OK,Thread Group 1-24,text,true,,237994,175,30,30,http://192.168.229.128/medium3.pdf,2,0,0
1668877251422,69,HTTP Request,200,OK,Thread Group 1-25,text,true,,237994,175,30,30,http://192.168.229.128/medium3.pdf,5,0,0
1668877251534,15,HTTP Request,200,OK,Thread Group 1-26,text,true,,162482,175,30,30,http://192.168.229.128/medium2.pdf,4,0,0
1668877251549,20,HTTP Request,200,OK,Thread Group 1-7,bin,true,,52854,175,30,30,http://192.168.229.128/medium1.png,2,0,0
1668877251725,43,HTTP Request,200,OK,Thread Group 1-27,text,true,,162482,175,30,30,http://192.168.229.128/medium2.pdf,2,0,0
1668877251762,37,HTTP Request,200,OK,Thread Group 1-28,bin,true,,52854,175,30,30,http://192.168.229.128/medium1.png,5,0,0
1668877251740,93,HTTP Request,200,OK,Thread Group 1-8,text,true,,237994,175,30,30,http://192.168.229.128/medium3.pdf,27,0,0
1668877251793,72,HTTP Request,200,OK,Thread Group 1-29,text,true,,237994,175,30,30,http://192.168.229.128/medium3.pdf,6,0,0
1668877251907,52,HTTP Request,200,OK,Thread Group 1-30,text,true,,162482,175,30,30,http://192.168.229.128/medium2.pdf,3,0,0
1668877252014,10,HTTP Request,200,OK,Thread Group 1-9,bin,true,,52854,175,30,30,http://192.168.229.128/medium1.png,4,0,0
1668877252046,44,HTTP Request,200,OK,Thread Group 1-10,text,true,,237994,175,30,30,http://192.168.229.128/medium3.pdf,5,0,0
1668877252160,24,HTTP Request,200,OK,Thread Group 1-11,text,true,,162482,175,30,30,http://192.168.229.128/medium2.pdf,1,0,0
1668877252271,29,HTTP Request,200,OK,Thread Group 1-12,text,true,,237994,175,30,30,http://192.168.229.128/medium3.pdf,4,0,0
1668877252385,39,HTTP Request,200,OK,Thread Group 1-13,text,true,,162482,175,30,30,http://192.168.229.128/medium2.pdf,5,0,0
1668877252500,7,HTTP Request,200,OK,Thread Group 1-14,bin,true,,52854,175,30,30,http://192.168.229.128/medium1.png,1,0,0
1668877252696,29,HTTP Request,200,OK,Thread Group 1-3,text,true,,162482,175,30,30,http://192.168.229.128/medium2.pdf,1,0,0
1668877252770,17,HTTP Request,200,OK,Thread Group 1-15,bin,true,,52854,175,30,30,http://192.168.229.128/medium1.png,2,0,0
1668877252805,17,HTTP Request,200,OK,Thread Group 1-16,bin,true,,52854,175,30,30,http://192.168.229.128/medium1.png,2,0,0
1668877252822,28,HTTP Request,200,OK,Thread Group 1-2,text,true,,237994,175,30,30,http://192.168.229.128/medium3.pdf,5,0,0
1668877252839,24,HTTP Request,200,OK,Thread Group 1-17,text,true,,237994,175,30,30,http://192.168.229.128/medium3.pdf,11,0,0
1668877252949,21,HTTP Request,200,OK,Thread Group 1-1,text,true,,162482,175,30,30,http://192.168.229.128/medium2.pdf,1,0,0
1668877252950,22,HTTP Request,200,OK,Thread Group 1-18,bin,true,,52854,175,30,30,http://192.168.229.128/medium1.png,5,0,0
1668877253048,37,HTTP Request,200,OK,Thread Group 1-4,text,true,,237994,175,30,30,http://192.168.229.128/medium3.pdf,3,0,0
1668877253142,33,HTTP Request,200,OK,Thread Group 1-19,text,true,,237994,175,30,30,http://192.168.229.128/medium3.pdf,5,0,0
1668877253242,12,HTTP Request,200,OK,Thread Group 1-5,bin,true,,52854,175,30,30,http://192.168.229.128/medium1.png,8,0,0
1668877253257,58,HTTP Request,200,OK,Thread Group 1-20,text,true,,237994,175,30,30,http://192.168.229.128/medium3.pdf,2,0,0
1668877253273,61,HTTP Request,200,OK,Thread Group 1-6,text,true,,237994,175,30,30,http://192.168.229.128/medium3.pdf,39,0,0
1668877253371,38,HTTP Request,200,OK,Thread Group 1-21,text,true,,162482,175,30,30,http://192.168.229.128/medium2.pdf,1,0,0
1668877253486,17,HTTP Request,200,OK,Thread Group 1-22,bin,true,,52854,175,30,30,http://192.168.229.128/medium1.png,1,0,0
1668877253594,35,HTTP Request,200,OK,Thread Group 1-23,text,true,,237994,175,30,30,http://192.168.229.128/medium3.pdf,3,0,0
1668877253629,64,HTTP Request,200,OK,Thread Group 1-24,text,true,,237994,175,30,30,http://192.168.229.128/medium3.pdf,3,0,0
1668877253821,5,HTTP Request,200,OK,Thread Group 1-25,bin,true,,52854,175,30,30,http://192.168.229.128/medium1.png,1,0,0
1668877253933,20,HTTP Request,200,OK,Thread Group 1-26,bin,true,,52854,175,30,30,http://192.168.229.128/medium1.png,9,0,0
1668877253948,26,HTTP Request,200,OK,Thread Group 1-7,bin,true,,52854,175,30,30,http://192.168.229.128/medium1.png,11,0,0
1668877254125,21,HTTP Request,200,OK,Thread Group 1-27,bin,true,,52854,175,30,30,http://192.168.229.128/medium1.png,3,0,0
1668877254140,83,HTTP Request,200,OK,Thread Group 1-8,text,true,,237994,175,30,30,http://192.168.229.128/medium3.pdf,7,0,0
1668877254161,66,HTTP Request,200,OK,Thread Group 1-28,text,true,,162482,175,30,30,http://192.168.229.128/medium2.pdf,18,0,0
1668877254192,46,HTTP Request,200,OK,Thread Group 1-29,text,true,,162482,175,30,30,http://192.168.229.128/medium2.pdf,19,0,0
1668877254309,63,HTTP Request,200,OK,Thread Group 1-30,text,true,,162482,175,30,30,http://192.168.229.128/medium2.pdf,4,0,0
1668877254413,56,HTTP Request,200,OK,Thread Group 1-9,text,true,,237994,175,30,30,http://192.168.229.128/medium3.pdf,2,0,0
1668877254447,38,HTTP Request,200,OK,Thread Group 1-10,bin,true,,52854,175,30,30,http://192.168.229.128/medium1.png,22,0,0
1668877254560,64,HTTP Request,200,OK,Thread Group 1-11,text,true,,237994,175,30,30,http://192.168.229.128/medium3.pdf,5,0,0
1668877254671,39,HTTP Request,200,OK,Thread Group 1-12,text,true,,162482,175,30,30,http://192.168.229.128/medium2.pdf,5,0,0
1668877254786,40,HTTP Request,200,OK,Thread Group 1-13,text,true,,162482,175,30,30,http://192.168.229.128/medium2.pdf,4,0,0
1668877254900,19,HTTP Request,200,OK,Thread Group 1-14,bin,true,,52854,175,30,30,http://192.168.229.128/medium1.png,1,0,0
1668877255096,4,HTTP Request,200,OK,Thread Group 1-3,bin,true,,52854,175,30,30,http://192.168.229.128/medium1.png,2,0,0
1668877255170,37,HTTP Request,200,OK,Thread Group 1-15,text,true,,162482,175,30,30,http://192.168.229.128/medium2.pdf,2,0,0
1668877255204,17,HTTP Request,200,OK,Thread Group 1-16,bin,true,,52854,175,30,30,http://192.168.229.128/medium1.png,3,0,0
1668877255221,50,HTTP Request,200,OK,Thread Group 1-2,text,true,,237994,175,30,30,http://192.168.229.128/medium3.pdf,2,0,0
1668877255237,38,HTTP Request,200,OK,Thread Group 1-17,bin,true,,52854,175,30,30,http://192.168.229.128/medium1.png,2,0,0
1668877255349,6,HTTP Request,200,OK,Thread Group 1-1,bin,true,,52854,175,30,30,http://192.168.229.128/medium1.png,3,0,0
1668877255349,18,HTTP Request,200,OK,Thread Group 1-18,bin,true,,52854,175,30,30,http://192.168.229.128/medium1.png,6,0,0
1668877255448,51,HTTP Request,200,OK,Thread Group 1-4,text,true,,237994,175,30,30,http://192.168.229.128/medium3.pdf,3,0,0
1668877255543,22,HTTP Request,200,OK,Thread Group 1-19,text,true,,237994,175,30,30,http://192.168.229.128/medium3.pdf,3,0,0
1668877257848,26,HTTP Request,200,OK,Thread Group 1-4,text,true,,162482,175,30,30,http://192.168.229.128/medium2.pdf,2,0,0
1668877257749,64,HTTP Request,200,OK,Thread Group 1-1,text,true,,237994,175,30,30,http://192.168.229.128/medium3.pdf,1,0,0
1668877257750,49,HTTP Request,200,OK,Thread Group 1-18,bin,true,,52854,175,30,30,http://192.168.229.128/medium1.png,17,0,0
1668877257639,68,HTTP Request,200,OK,Thread Group 1-17,text,true,,162482,175,30,30,http://192.168.229.128/medium2.pdf,20,0,0
1668877257605,66,HTTP Request,200,OK,Thread Group 1-16,text,true,,237994,175,30,30,http://192.168.229.128/medium3.pdf,2,0,0
1668877257622,49,HTTP Request,200,OK,Thread Group 1-2,text,true,,162482,175,30,30,http://192.168.229.128/medium2.pdf,4,0,0
1668877257573,26,HTTP Request,200,OK,Thread Group 1-15,text,true,,162482,175,30,30,http://192.168.229.128/medium2.pdf,1,0,0
1668877257495,15,HTTP Request,200,OK,Thread Group 1-3,bin,true,,52854,175,30,30,http://192.168.229.128/medium1.png,3,0,0
1668877257299,46,HTTP Request,200,OK,Thread Group 1-14,text,true,,237994,175,30,30,http://192.168.229.128/medium3.pdf,3,0,0
1668877257185,6,HTTP Request,200,OK,Thread Group 1-13,bin,true,,52854,175,30,30,http://192.168.229.128/medium1.png,2,0,0
1668877257071,24,HTTP Request,200,OK,Thread Group 1-12,bin,true,,52854,175,30,30,http://192.168.229.128/medium1.png,1,0,0
1668877256962,38,HTTP Request,200,OK,Thread Group 1-11,text,true,,237994,175,30,30,http://192.168.229.128/medium3.pdf,5,0,0
1668877256848,14,HTTP Request,200,OK,Thread Group 1-10,bin,true,,52854,175,30,30,http://192.168.229.128/medium1.png,1,0,0
1668877256815,17,HTTP Request,200,OK,Thread Group 1-9,bin,true,,52854,175,30,30,http://192.168.229.128/medium1.png,4,0,0
1668877256709,39,HTTP Request,200,OK,Thread Group 1-30,text,true,,237994,175,30,30,http://192.168.229.128/medium3.pdf,2,0,0
1668877256592,38,HTTP Request,200,OK,Thread Group 1-29,bin,true,,52854,175,30,30,http://192.168.229.128/medium1.png,24,0,0
1668877256562,54,HTTP Request,200,OK,Thread Group 1-28,bin,true,,52854,175,30,30,http://192.168.229.128/medium1.png,21,0,0
1668877256539,77,HTTP Request,200,OK,Thread Group 1-8,text,true,,237994,175,30,30,http://192.168.229.128/medium3.pdf,2,0,0
1668877256526,12,HTTP Request,200,OK,Thread Group 1-27,bin,true,,52854,175,30,30,http://192.168.229.128/medium1.png,3,0,0
1668877256349,11,HTTP Request,200,OK,Thread Group 1-7,bin,true,,52854,175,30,30,http://192.168.229.128/medium1.png,2,0,0
1668877256334,17,HTTP Request,200,OK,Thread Group 1-26,bin,true,,52854,175,30,30,http://192.168.229.128/medium1.png,1,0,0
1668877256221,9,HTTP Request,200,OK,Thread Group 1-25,bin,true,,52854,175,30,30,http://192.168.229.128/medium1.png,1,0,0
1668877256031,42,HTTP Request,200,OK,Thread Group 1-24,text,true,,237994,175,30,30,http://192.168.229.128/medium3.pdf,2,0,0
1668877255996,12,HTTP Request,200,OK,Thread Group 1-23,bin,true,,52854,175,30,30,http://192.168.229.128/medium1.png,1,0,0
1668877255884,45,HTTP Request,200,OK,Thread Group 1-22,text,true,,237994,175,30,30,http://192.168.229.128/medium3.pdf,1,0,0
1668877255768,16,HTTP Request,200,OK,Thread Group 1-21,bin,true,,52854,175,30,30,http://192.168.229.128/medium1.png,1,0,0
1668877255656,104,HTTP Request,200,OK,Thread Group 1-20,text,true,,237994,175,30,30,http://192.168.229.128/medium3.pdf,26,0,0
1668877255676,83,HTTP Request,200,OK,Thread Group 1-6,text,true,,237994,175,30,30,http://192.168.229.128/medium3.pdf,6,0,0
1668877255641,46,HTTP Request,200,OK,Thread Group 1-5,text,true,,237994,175,30,30,http://192.168.229.128/medium3.pdf,2,0,0
1668877259058,46,HTTP Request,200,OK,Thread Group 1-7,bin,true,,52854,175,30,30,http://192.168.229.128/medium1.png,12,0,0
1668877259058,46,HTTP Request,200,OK,Thread Group 1-29,bin,true,,52854,175,30,30,http://192.168.229.128/medium1.png,12,0,0
1668877259058,62,HTTP Request,200,OK,Thread Group 1-26,bin,true,,52854,175,30,30,http://192.168.229.128/medium1.png,45,0,0
1668877259058,77,HTTP Request,200,OK,Thread Group 1-21,bin,true,,52854,175,30,30,http://192.168.229.128/medium1.png,45,0,0
1668877259058,77,HTTP Request,200,OK,Thread Group 1-23,text,true,,162482,175,30,30,http://192.168.229.128/medium2.pdf,12,0,0
1668877259058,77,HTTP Request,200,OK,Thread Group 1-22,text,true,,162482,175,30,30,http://192.168.229.128/medium2.pdf,12,0,0
1668877259058,77,HTTP Request,200,OK,Thread Group 1-28,text,true,,237994,175,30,30,http://192.168.229.128/medium3.pdf,8,0,0
1668877259058,78,HTTP Request,200,OK,Thread Group 1-19,text,true,,237994,175,30,30,http://192.168.229.128/medium3.pdf,12,0,0
1668877259058,79,HTTP Request,200,OK,Thread Group 1-24,text,true,,162482,175,30,30,http://192.168.229.128/medium2.pdf,12,0,0
1668877259058,109,HTTP Request,200,OK,Thread Group 1-20,text,true,,237994,175,30,30,http://192.168.229.128/medium3.pdf,12,0,0
1668877259058,122,HTTP Request,200,OK,Thread Group 1-6,text,true,,237994,175,30,30,http://192.168.229.128/medium3.pdf,12,0,0
1668877259058,122,HTTP Request,200,OK,Thread Group 1-25,text,true,,162482,175,30,30,http://192.168.229.128/medium2.pdf,45,0,0
1668877259109,71,HTTP Request,200,OK,Thread Group 1-30,text,true,,162482,175,30,30,http://192.168.229.128/medium2.pdf,9,0,0
1668877259058,122,HTTP Request,200,OK,Thread Group 1-8,text,true,,237994,175,30,30,http://192.168.229.128/medium3.pdf,45,0,0
1668877259058,122,HTTP Request,200,OK,Thread Group 1-5,text,true,,237994,175,30,30,http://192.168.229.128/medium3.pdf,45,0,0
1668877259058,127,HTTP Request,200,OK,Thread Group 1-27,text,true,,237994,175,30,30,http://192.168.229.128/medium3.pdf,45,0,0
1668877259213,16,HTTP Request,200,OK,Thread Group 1-9,text,true,,162482,175,30,30,http://192.168.229.128/medium2.pdf,3,0,0
1668877259247,20,HTTP Request,200,OK,Thread Group 1-10,text,true,,237994,175,30,30,http://192.168.229.128/medium3.pdf,3,0,0
1668877259359,17,HTTP Request,200,OK,Thread Group 1-11,text,true,,237994,175,30,30,http://192.168.229.128/medium3.pdf,3,0,0
1668877259470,5,HTTP Request,200,OK,Thread Group 1-12,bin,true,,52854,175,30,30,http://192.168.229.128/medium1.png,2,0,0
1668877259585,9,HTTP Request,200,OK,Thread Group 1-13,text,true,,162482,175,30,30,http://192.168.229.128/medium2.pdf,2,0,0
1668877259698,9,HTTP Request,200,OK,Thread Group 1-14,text,true,,162482,175,30,30,http://192.168.229.128/medium2.pdf,2,0,0
1668877259895,50,HTTP Request,200,OK,Thread Group 1-3,text,true,,237994,175,30,30,http://192.168.229.128/medium3.pdf,4,0,0
1668877259971,18,HTTP Request,200,OK,Thread Group 1-15,bin,true,,52854,175,30,30,http://192.168.229.128/medium1.png,1,0,0
1668877260021,31,HTTP Request,200,OK,Thread Group 1-2,bin,true,,52854,175,30,30,http://192.168.229.128/medium1.png,4,0,0
1668877260005,52,HTTP Request,200,OK,Thread Group 1-16,text,true,,237994,175,30,30,http://192.168.229.128/medium3.pdf,5,0,0
1668877260039,28,HTTP Request,200,OK,Thread Group 1-17,text,true,,237994,175,30,30,http://192.168.229.128/medium3.pdf,9,0,0
1668877260151,11,HTTP Request,200,OK,Thread Group 1-1,bin,true,,52854,175,30,30,http://192.168.229.128/medium1.png,1,0,0
1668877260152,11,HTTP Request,200,OK,Thread Group 1-18,bin,true,,52854,175,30,30,http://192.168.229.128/medium1.png,4,0,0
1668877260259,35,HTTP Request,200,OK,Thread Group 1-4,text,true,,162482,175,30,30,http://192.168.229.128/medium2.pdf,3,0,0
1668877261459,41,HTTP Request,200,OK,Thread Group 1-23,text,true,,162482,175,30,30,http://192.168.229.128/medium2.pdf,3,0,0
1668877261462,51,HTTP Request,200,OK,Thread Group 1-22,bin,true,,52854,175,30,30,http://192.168.229.128/medium1.png,21,0,0
1668877261462,52,HTTP Request,200,OK,Thread Group 1-20,bin,true,,52854,175,30,30,http://192.168.229.128/medium1.png,21,0,0
1668877261460,54,HTTP Request,200,OK,Thread Group 1-29,bin,true,,52854,175,30,30,http://192.168.229.128/medium1.png,23,0,0
1668877261460,54,HTTP Request,200,OK,Thread Group 1-7,bin,true,,52854,175,30,30,http://192.168.229.128/medium1.png,23,0,0
1668877261462,81,HTTP Request,200,OK,Thread Group 1-28,text,true,,237994,175,30,30,http://192.168.229.128/medium3.pdf,21,0,0
1668877261459,84,HTTP Request,200,OK,Thread Group 1-21,text,true,,237994,175,30,30,http://192.168.229.128/medium3.pdf,25,0,0
1668877261460,84,HTTP Request,200,OK,Thread Group 1-27,bin,true,,52854,175,30,30,http://192.168.229.128/medium1.png,53,0,0
1668877261460,84,HTTP Request,200,OK,Thread Group 1-19,text,true,,237994,175,30,30,http://192.168.229.128/medium3.pdf,24,0,0
1668877261459,105,HTTP Request,200,OK,Thread Group 1-24,text,true,,237994,175,30,30,http://192.168.229.128/medium3.pdf,24,0,0
1668877261460,104,HTTP Request,200,OK,Thread Group 1-26,text,true,,237994,175,30,30,http://192.168.229.128/medium3.pdf,53,0,0
1668877261510,55,HTTP Request,200,OK,Thread Group 1-30,bin,true,,52854,175,30,30,http://192.168.229.128/medium1.png,33,0,0
1668877261459,106,HTTP Request,200,OK,Thread Group 1-6,text,true,,237994,175,30,30,http://192.168.229.128/medium3.pdf,24,0,0
1668877261462,114,HTTP Request,200,OK,Thread Group 1-5,text,true,,162482,175,30,30,http://192.168.229.128/medium2.pdf,51,0,0
1668877261459,117,HTTP Request,200,OK,Thread Group 1-25,text,true,,237994,175,30,30,http://192.168.229.128/medium3.pdf,24,0,0
1668877261460,121,HTTP Request,200,OK,Thread Group 1-8,text,true,,237994,175,30,30,http://192.168.229.128/medium3.pdf,53,0,0
1668877261616,50,HTTP Request,200,OK,Thread Group 1-9,text,true,,162482,175,30,30,http://192.168.229.128/medium2.pdf,2,0,0
1668877261648,35,HTTP Request,200,OK,Thread Group 1-10,bin,true,,52854,175,30,30,http://192.168.229.128/medium1.png,18,0,0
1668877261760,29,HTTP Request,200,OK,Thread Group 1-11,text,true,,237994,175,30,30,http://192.168.229.128/medium3.pdf,1,0,0
1668877261872,5,HTTP Request,200,OK,Thread Group 1-12,text,true,,162482,175,30,30,http://192.168.229.128/medium2.pdf,1,0,0
1668877261987,2,HTTP Request,200,OK,Thread Group 1-13,bin,true,,52854,175,30,30,http://192.168.229.128/medium1.png,1,0,0
1668877262099,3,HTTP Request,200,OK,Thread Group 1-14,bin,true,,52854,175,30,30,http://192.168.229.128/medium1.png,2,0,0
1668877262295,4,HTTP Request,200,OK,Thread Group 1-3,bin,true,,52854,175,30,30,http://192.168.229.128/medium1.png,2,0,0
1668877262371,6,HTTP Request,200,OK,Thread Group 1-15,text,true,,162482,175,30,30,http://192.168.229.128/medium2.pdf,1,0,0
1668877262406,6,HTTP Request,200,OK,Thread Group 1-16,text,true,,237994,175,30,30,http://192.168.229.128/medium3.pdf,1,0,0
1668877262422,6,HTTP Request,200,OK,Thread Group 1-2,text,true,,237994,175,30,30,http://192.168.229.128/medium3.pdf,2,0,0
1668877262439,5,HTTP Request,200,OK,Thread Group 1-17,text,true,,162482,175,30,30,http://192.168.229.128/medium2.pdf,2,0,0
1668877262550,3,HTTP Request,200,OK,Thread Group 1-1,bin,true,,52854,175,30,30,http://192.168.229.128/medium1.png,2,0,0
1668877262550,4,HTTP Request,200,OK,Thread Group 1-18,bin,true,,52854,175,30,30,http://192.168.229.128/medium1.png,2,0,0
1668877262648,5,HTTP Request,200,OK,Thread Group 1-4,text,true,,237994,175,30,30,http://192.168.229.128/medium3.pdf,1,0,0
1668877263859,17,HTTP Request,200,OK,Thread Group 1-19,bin,true,,52854,175,30,30,http://192.168.229.128/medium1.png,10,0,0
1668877263860,16,HTTP Request,200,OK,Thread Group 1-26,bin,true,,52854,175,30,30,http://192.168.229.128/medium1.png,9,0,0
1668877263859,24,HTTP Request,200,OK,Thread Group 1-7,bin,true,,52854,175,30,30,http://192.168.229.128/medium1.png,10,0,0
1668877263859,30,HTTP Request,200,OK,Thread Group 1-23,text,true,,162482,175,30,30,http://192.168.229.128/medium2.pdf,10,0,0
1668877263860,29,HTTP Request,200,OK,Thread Group 1-6,text,true,,162482,175,30,30,http://192.168.229.128/medium2.pdf,9,0,0
1668877263861,28,HTTP Request,200,OK,Thread Group 1-20,text,true,,162482,175,30,30,http://192.168.229.128/medium2.pdf,8,0,0
1668877263860,29,HTTP Request,200,OK,Thread Group 1-5,text,true,,162482,175,30,30,http://192.168.229.128/medium2.pdf,9,0,0
1668877263860,29,HTTP Request,200,OK,Thread Group 1-21,text,true,,237994,175,30,30,http://192.168.229.128/medium3.pdf,9,0,0
1668877263860,30,HTTP Request,200,OK,Thread Group 1-24,text,true,,162482,175,30,30,http://192.168.229.128/medium2.pdf,9,0,0
1668877263861,29,HTTP Request,200,OK,Thread Group 1-29,text,true,,162482,175,30,30,http://192.168.229.128/medium2.pdf,8,0,0
1668877263860,30,HTTP Request,200,OK,Thread Group 1-28,text,true,,237994,175,30,30,http://192.168.229.128/medium3.pdf,9,0,0
1668877263861,29,HTTP Request,200,OK,Thread Group 1-22,text,true,,237994,175,30,30,http://192.168.229.128/medium3.pdf,8,0,0
1668877263859,31,HTTP Request,200,OK,Thread Group 1-8,text,true,,237994,175,30,30,http://192.168.229.128/medium3.pdf,10,0,0
1668877263861,29,HTTP Request,200,OK,Thread Group 1-27,text,true,,162482,175,30,30,http://192.168.229.128/medium2.pdf,8,0,0
1668877263861,31,HTTP Request,200,OK,Thread Group 1-25,text,true,,237994,175,30,30,http://192.168.229.128/medium3.pdf,8,0,0
1668877263909,7,HTTP Request,200,OK,Thread Group 1-30,text,true,,162482,175,30,30,http://192.168.229.128/medium2.pdf,1,0,0
1668877264017,11,HTTP Request,200,OK,Thread Group 1-9,bin,true,,52854,175,30,30,http://192.168.229.128/medium1.png,3,0,0
1668877264048,4,HTTP Request,200,OK,Thread Group 1-10,text,true,,162482,175,30,30,http://192.168.229.128/medium2.pdf,1,0,0
1668877264162,4,HTTP Request,200,OK,Thread Group 1-11,text,true,,162482,175,30,30,http://192.168.229.128/medium2.pdf,1,0,0
1668877264274,3,HTTP Request,200,OK,Thread Group 1-12,bin,true,,52854,175,30,30,http://192.168.229.128/medium1.png,1,0,0
1668877264388,3,HTTP Request,200,OK,Thread Group 1-13,text,true,,162482,175,30,30,http://192.168.229.128/medium2.pdf,1,0,0
1668877264501,2,HTTP Request,200,OK,Thread Group 1-14,bin,true,,52854,175,30,30,http://192.168.229.128/medium1.png,1,0,0
1668877264695,6,HTTP Request,200,OK,Thread Group 1-3,text,true,,237994,175,30,30,http://192.168.229.128/medium3.pdf,2,0,0
1668877264773,4,HTTP Request,200,OK,Thread Group 1-15,text,true,,162482,175,30,30,http://192.168.229.128/medium2.pdf,1,0,0
1668877264808,2,HTTP Request,200,OK,Thread Group 1-16,bin,true,,52854,175,30,30,http://192.168.229.128/medium1.png,1,0,0
1668877264822,4,HTTP Request,200,OK,Thread Group 1-2,text,true,,237994,175,30,30,http://192.168.229.128/medium3.pdf,1,0,0
1668877264838,3,HTTP Request,200,OK,Thread Group 1-17,bin,true,,52854,175,30,30,http://192.168.229.128/medium1.png,1,0,0
1668877264950,4,HTTP Request,200,OK,Thread Group 1-18,bin,true,,52854,175,30,30,http://192.168.229.128/medium1.png,3,0,0
1668877264951,3,HTTP Request,200,OK,Thread Group 1-1,bin,true,,52854,175,30,30,http://192.168.229.128/medium1.png,2,0,0
1668877265048,3,HTTP Request,200,OK,Thread Group 1-4,bin,true,,52854,175,30,30,http://192.168.229.128/medium1.png,2,0,0
1668877266258,16,HTTP Request,200,OK,Thread Group 1-28,bin,true,,52854,175,30,30,http://192.168.229.128/medium1.png,10,0,0
1668877266258,16,HTTP Request,200,OK,Thread Group 1-23,bin,true,,52854,175,30,30,http://192.168.229.128/medium1.png,10,0,0
1668877266259,15,HTTP Request,200,OK,Thread Group 1-20,bin,true,,52854,175,30,30,http://192.168.229.128/medium1.png,9,0,0
1668877266257,17,HTTP Request,200,OK,Thread Group 1-19,text,true,,162482,175,30,30,http://192.168.229.128/medium2.pdf,3,0,0
1668877266258,16,HTTP Request,200,OK,Thread Group 1-25,bin,true,,52854,175,30,30,http://192.168.229.128/medium1.png,10,0,0
1668877266259,15,HTTP Request,200,OK,Thread Group 1-5,bin,true,,52854,175,30,30,http://192.168.229.128/medium1.png,9,0,0
1668877266259,19,HTTP Request,200,OK,Thread Group 1-6,bin,true,,52854,175,30,30,http://192.168.229.128/medium1.png,9,0,0
1668877266260,18,HTTP Request,200,OK,Thread Group 1-26,bin,true,,52854,175,30,30,http://192.168.229.128/medium1.png,8,0,0
1668877266259,20,HTTP Request,200,OK,Thread Group 1-21,text,true,,162482,175,30,30,http://192.168.229.128/medium2.pdf,9,0,0
1668877266260,19,HTTP Request,200,OK,Thread Group 1-7,bin,true,,52854,175,30,30,http://192.168.229.128/medium1.png,8,0,0
1668877266260,21,HTTP Request,200,OK,Thread Group 1-22,text,true,,237994,175,30,30,http://192.168.229.128/medium3.pdf,8,0,0
1668877266258,23,HTTP Request,200,OK,Thread Group 1-24,text,true,,237994,175,30,30,http://192.168.229.128/medium3.pdf,10,0,0
1668877266260,21,HTTP Request,200,OK,Thread Group 1-8,text,true,,237994,175,30,30,http://192.168.229.128/medium3.pdf,8,0,0
1668877266258,23,HTTP Request,200,OK,Thread Group 1-29,text,true,,237994,175,30,30,http://192.168.229.128/medium3.pdf,10,0,0
1668877266260,24,HTTP Request,200,OK,Thread Group 1-27,text,true,,237994,175,30,30,http://192.168.229.128/medium3.pdf,8,0,0
1668877266307,5,HTTP Request,200,OK,Thread Group 1-30,text,true,,237994,175,30,30,http://192.168.229.128/medium3.pdf,1,0,0
1668877266414,4,HTTP Request,200,OK,Thread Group 1-9,text,true,,162482,175,30,30,http://192.168.229.128/medium2.pdf,1,0,0
1668877266447,4,HTTP Request,200,OK,Thread Group 1-10,text,true,,237994,175,30,30,http://192.168.229.128/medium3.pdf,1,0,0
1668877266560,5,HTTP Request,200,OK,Thread Group 1-11,text,true,,237994,175,30,30,http://192.168.229.128/medium3.pdf,1,0,0
1668877266671,4,HTTP Request,200,OK,Thread Group 1-12,text,true,,162482,175,30,30,http://192.168.229.128/medium2.pdf,1,0,0
1668877266788,3,HTTP Request,200,OK,Thread Group 1-13,bin,true,,52854,175,30,30,http://192.168.229.128/medium1.png,2,0,0
1668877266898,5,HTTP Request,200,OK,Thread Group 1-14,text,true,,237994,175,30,30,http://192.168.229.128/medium3.pdf,2,0,0
1668877267094,4,HTTP Request,200,OK,Thread Group 1-3,text,true,,162482,175,30,30,http://192.168.229.128/medium2.pdf,2,0,0
1668877267172,4,HTTP Request,200,OK,Thread Group 1-15,text,true,,162482,175,30,30,http://192.168.229.128/medium2.pdf,2,0,0
1668877267208,5,HTTP Request,200,OK,Thread Group 1-16,text,true,,162482,175,30,30,http://192.168.229.128/medium2.pdf,2,0,0
1668877267221,5,HTTP Request,200,OK,Thread Group 1-2,text,true,,237994,175,30,30,http://192.168.229.128/medium3.pdf,1,0,0
1668877267239,4,HTTP Request,200,OK,Thread Group 1-17,text,true,,237994,175,30,30,http://192.168.229.128/medium3.pdf,1,0,0
1668877267348,9,HTTP Request,200,OK,Thread Group 1-1,text,true,,162482,175,30,30,http://192.168.229.128/medium2.pdf,3,0,0
1668877267351,8,HTTP Request,200,OK,Thread Group 1-18,text,true,,237994,175,30,30,http://192.168.229.128/medium3.pdf,3,0,0
1668877267448,5,HTTP Request,200,OK,Thread Group 1-4,bin,true,,52854,175,30,30,http://192.168.229.128/medium1.png,4,0,0
1668877268659,13,HTTP Request,200,OK,Thread Group 1-28,text,true,,162482,175,30,30,http://192.168.229.128/medium2.pdf,1,0,0
1668877268659,13,HTTP Request,200,OK,Thread Group 1-5,bin,true,,52854,175,30,30,http://192.168.229.128/medium1.png,8,0,0
1668877268660,16,HTTP Request,200,OK,Thread Group 1-27,bin,true,,52854,175,30,30,http://192.168.229.128/medium1.png,7,0,0
1668877268659,17,HTTP Request,200,OK,Thread Group 1-24,bin,true,,52854,175,30,30,http://192.168.229.128/medium1.png,8,0,0
1668877268659,17,HTTP Request,200,OK,Thread Group 1-22,text,true,,162482,175,30,30,http://192.168.229.128/medium2.pdf,8,0,0
1668877268659,18,HTTP Request,200,OK,Thread Group 1-23,text,true,,162482,175,30,30,http://192.168.229.128/medium2.pdf,8,0,0
1668877268660,19,HTTP Request,200,OK,Thread Group 1-21,text,true,,237994,175,30,30,http://192.168.229.128/medium3.pdf,7,0,0
1668877268659,22,HTTP Request,200,OK,Thread Group 1-20,text,true,,237994,175,30,30,http://192.168.229.128/medium3.pdf,8,0,0
1668877268658,23,HTTP Request,200,OK,Thread Group 1-19,text,true,,237994,175,30,30,http://192.168.229.128/medium3.pdf,9,0,0
1668877268659,22,HTTP Request,200,OK,Thread Group 1-25,text,true,,162482,175,30,30,http://192.168.229.128/medium2.pdf,8,0,0
1668877268660,21,HTTP Request,200,OK,Thread Group 1-29,text,true,,237994,175,30,30,http://192.168.229.128/medium3.pdf,7,0,0
1668877268660,22,HTTP Request,200,OK,Thread Group 1-7,text,true,,162482,175,30,30,http://192.168.229.128/medium2.pdf,7,0,0
1668877268660,22,HTTP Request,200,OK,Thread Group 1-26,text,true,,237994,175,30,30,http://192.168.229.128/medium3.pdf,7,0,0
1668877268660,22,HTTP Request,200,OK,Thread Group 1-8,text,true,,237994,175,30,30,http://192.168.229.128/medium3.pdf,7,0,0
1668877268660,24,HTTP Request,200,OK,Thread Group 1-6,text,true,,237994,175,30,30,http://192.168.229.128/medium3.pdf,7,0,0
1668877268707,8,HTTP Request,200,OK,Thread Group 1-30,text,true,,237994,175,30,30,http://192.168.229.128/medium3.pdf,2,0,0
1668877268815,6,HTTP Request,200,OK,Thread Group 1-9,text,true,,237994,175,30,30,http://192.168.229.128/medium3.pdf,2,0,0
1668877268847,4,HTTP Request,200,OK,Thread Group 1-10,text,true,,237994,175,30,30,http://192.168.229.128/medium3.pdf,1,0,0
1668877268959,3,HTTP Request,200,OK,Thread Group 1-11,bin,true,,52854,175,30,30,http://192.168.229.128/medium1.png,2,0,0
1668877269072,5,HTTP Request,200,OK,Thread Group 1-12,text,true,,237994,175,30,30,http://192.168.229.128/medium3.pdf,1,0,0
1668877269186,2,HTTP Request,200,OK,Thread Group 1-13,bin,true,,52854,175,30,30,http://192.168.229.128/medium1.png,1,0,0
1668877269299,5,HTTP Request,200,OK,Thread Group 1-14,text,true,,237994,175,30,30,http://192.168.229.128/medium3.pdf,2,0,0
1668877269497,4,HTTP Request,200,OK,Thread Group 1-3,text,true,,237994,175,30,30,http://192.168.229.128/medium3.pdf,1,0,0
1668877269571,3,HTTP Request,200,OK,Thread Group 1-15,bin,true,,52854,175,30,30,http://192.168.229.128/medium1.png,2,0,0
1668877269605,6,HTTP Request,200,OK,Thread Group 1-16,text,true,,237994,175,30,30,http://192.168.229.128/medium3.pdf,2,0,0
1668877269623,5,HTTP Request,200,OK,Thread Group 1-2,text,true,,237994,175,30,30,http://192.168.229.128/medium3.pdf,1,0,0
1668877269639,5,HTTP Request,200,OK,Thread Group 1-17,text,true,,162482,175,30,30,http://192.168.229.128/medium2.pdf,2,0,0
1668877269748,6,HTTP Request,200,OK,Thread Group 1-1,text,true,,237994,175,30,30,http://192.168.229.128/medium3.pdf,2,0,0
1668877269749,7,HTTP Request,200,OK,Thread Group 1-18,text,true,,237994,175,30,30,http://192.168.229.128/medium3.pdf,3,0,0
1668877269849,5,HTTP Request,200,OK,Thread Group 1-4,text,true,,237994,175,30,30,http://192.168.229.128/medium3.pdf,2,0,0
1668877271059,14,HTTP Request,200,OK,Thread Group 1-20,bin,true,,52854,175,30,30,http://192.168.229.128/medium1.png,8,0,0
1668877271061,13,HTTP Request,200,OK,Thread Group 1-7,bin,true,,52854,175,30,30,http://192.168.229.128/medium1.png,6,0,0
1668877271058,16,HTTP Request,200,OK,Thread Group 1-21,bin,true,,52854,175,30,30,http://192.168.229.128/medium1.png,9,0,0
1668877271058,16,HTTP Request,200,OK,Thread Group 1-26,bin,true,,52854,175,30,30,http://192.168.229.128/medium1.png,10,0,0
1668877271060,14,HTTP Request,200,OK,Thread Group 1-27,bin,true,,52854,175,30,30,http://192.168.229.128/medium1.png,8,0,0
1668877271058,21,HTTP Request,200,OK,Thread Group 1-19,text,true,,162482,175,30,30,http://192.168.229.128/medium2.pdf,9,0,0
1668877271059,20,HTTP Request,200,OK,Thread Group 1-8,text,true,,162482,175,30,30,http://192.168.229.128/medium2.pdf,9,0,0
1668877271061,18,HTTP Request,200,OK,Thread Group 1-24,text,true,,162482,175,30,30,http://192.168.229.128/medium2.pdf,6,0,0
1668877271061,18,HTTP Request,200,OK,Thread Group 1-23,text,true,,162482,175,30,30,http://192.168.229.128/medium2.pdf,6,0,0
1668877271058,21,HTTP Request,200,OK,Thread Group 1-5,text,true,,162482,175,30,30,http://192.168.229.128/medium2.pdf,3,0,0
1668877271059,20,HTTP Request,200,OK,Thread Group 1-22,text,true,,162482,175,30,30,http://192.168.229.128/medium2.pdf,8,0,0
1668877271058,22,HTTP Request,200,OK,Thread Group 1-28,text,true,,237994,175,30,30,http://192.168.229.128/medium3.pdf,9,0,0
1668877271061,19,HTTP Request,200,OK,Thread Group 1-25,text,true,,162482,175,30,30,http://192.168.229.128/medium2.pdf,7,0,0
1668877271060,21,HTTP Request,200,OK,Thread Group 1-29,text,true,,237994,175,30,30,http://192.168.229.128/medium3.pdf,7,0,0
1668877271058,23,HTTP Request,200,OK,Thread Group 1-6,text,true,,237994,175,30,30,http://192.168.229.128/medium3.pdf,9,0,0
1668877271108,3,HTTP Request,200,OK,Thread Group 1-30,text,true,,162482,175,30,30,http://192.168.229.128/medium2.pdf,1,0,0
1668877271213,3,HTTP Request,200,OK,Thread Group 1-9,bin,true,,52854,175,30,30,http://192.168.229.128/medium1.png,1,0,0
1668877271248,3,HTTP Request,200,OK,Thread Group 1-10,bin,true,,52854,175,30,30,http://192.168.229.128/medium1.png,1,0,0
1668877271359,5,HTTP Request,200,OK,Thread Group 1-11,text,true,,237994,175,30,30,http://192.168.229.128/medium3.pdf,1,0,0
1668877271470,3,HTTP Request,200,OK,Thread Group 1-12,bin,true,,52854,175,30,30,http://192.168.229.128/medium1.png,2,0,0
1668877271585,3,HTTP Request,200,OK,Thread Group 1-13,bin,true,,52854,175,30,30,http://192.168.229.128/medium1.png,1,0,0
1668877271700,4,HTTP Request,200,OK,Thread Group 1-14,text,true,,162482,175,30,30,http://192.168.229.128/medium2.pdf,2,0,0
1668877271897,3,HTTP Request,200,OK,Thread Group 1-3,text,true,,162482,175,30,30,http://192.168.229.128/medium2.pdf,1,0,0
1668877271972,3,HTTP Request,200,OK,Thread Group 1-15,bin,true,,52854,175,30,30,http://192.168.229.128/medium1.png,2,0,0
1668877272004,4,HTTP Request,200,OK,Thread Group 1-16,text,true,,162482,175,30,30,http://192.168.229.128/medium2.pdf,1,0,0
1668877272021,3,HTTP Request,200,OK,Thread Group 1-2,bin,true,,52854,175,30,30,http://192.168.229.128/medium1.png,1,0,0
1668877272037,3,HTTP Request,200,OK,Thread Group 1-17,bin,true,,52854,175,30,30,http://192.168.229.128/medium1.png,2,0,0
1668877272148,12,HTTP Request,200,OK,Thread Group 1-1,text,true,,237994,175,30,30,http://192.168.229.128/medium3.pdf,1,0,0
1668877272149,11,HTTP Request,200,OK,Thread Group 1-18,text,true,,237994,175,30,30,http://192.168.229.128/medium3.pdf,8,0,0
1668877272249,3,HTTP Request,200,OK,Thread Group 1-4,bin,true,,52854,175,30,30,http://192.168.229.128/medium1.png,1,0,0
1668877273459,9,HTTP Request,200,OK,Thread Group 1-23,text,true,,162482,175,30,30,http://192.168.229.128/medium2.pdf,1,0,0
1668877273460,11,HTTP Request,200,OK,Thread Group 1-28,bin,true,,52854,175,30,30,http://192.168.229.128/medium1.png,7,0,0
1668877273458,13,HTTP Request,200,OK,Thread Group 1-20,text,true,,237994,175,30,30,http://192.168.229.128/medium3.pdf,1,0,0
1668877273459,13,HTTP Request,200,OK,Thread Group 1-24,bin,true,,52854,175,30,30,http://192.168.229.128/medium1.png,8,0,0
1668877273460,12,HTTP Request,200,OK,Thread Group 1-6,bin,true,,52854,175,30,30,http://192.168.229.128/medium1.png,7,0,0
1668877273458,14,HTTP Request,200,OK,Thread Group 1-19,bin,true,,52854,175,30,30,http://192.168.229.128/medium1.png,9,0,0
1668877273460,12,HTTP Request,200,OK,Thread Group 1-21,bin,true,,52854,175,30,30,http://192.168.229.128/medium1.png,8,0,0
1668877273459,14,HTTP Request,200,OK,Thread Group 1-22,text,true,,162482,175,30,30,http://192.168.229.128/medium2.pdf,2,0,0
1668877273460,15,HTTP Request,200,OK,Thread Group 1-29,text,true,,162482,175,30,30,http://192.168.229.128/medium2.pdf,7,0,0
1668877273460,15,HTTP Request,200,OK,Thread Group 1-26,text,true,,162482,175,30,30,http://192.168.229.128/medium2.pdf,7,0,0
1668877273460,16,HTTP Request,200,OK,Thread Group 1-7,text,true,,162482,175,30,30,http://192.168.229.128/medium2.pdf,7,0,0
1668877273459,17,HTTP Request,200,OK,Thread Group 1-5,text,true,,162482,175,30,30,http://192.168.229.128/medium2.pdf,8,0,0
1668877273460,16,HTTP Request,200,OK,Thread Group 1-25,text,true,,162482,175,30,30,http://192.168.229.128/medium2.pdf,7,0,0
1668877273459,18,HTTP Request,200,OK,Thread Group 1-8,text,true,,237994,175,30,30,http://192.168.229.128/medium3.pdf,8,0,0
1668877273460,17,HTTP Request,200,OK,Thread Group 1-27,text,true,,237994,175,30,30,http://192.168.229.128/medium3.pdf,7,0,0
1668877273507,5,HTTP Request,200,OK,Thread Group 1-30,text,true,,237994,175,30,30,http://192.168.229.128/medium3.pdf,2,0,0
1668877273614,6,HTTP Request,200,OK,Thread Group 1-9,text,true,,237994,175,30,30,http://192.168.229.128/medium3.pdf,1,0,0
1668877273647,2,HTTP Request,200,OK,Thread Group 1-10,text,true,,162482,175,30,30,http://192.168.229.128/medium2.pdf,1,0,0
1668877273760,3,HTTP Request,200,OK,Thread Group 1-11,text,true,,162482,175,30,30,http://192.168.229.128/medium2.pdf,1,0,0
1668877273871,4,HTTP Request,200,OK,Thread Group 1-12,text,true,,237994,175,30,30,http://192.168.229.128/medium3.pdf,1,0,0
1668877273986,3,HTTP Request,200,OK,Thread Group 1-13,text,true,,237994,175,30,30,http://192.168.229.128/medium3.pdf,1,0,0
1668877274099,3,HTTP Request,200,OK,Thread Group 1-14,text,true,,237994,175,30,30,http://192.168.229.128/medium3.pdf,1,0,0
1668877274295,4,HTTP Request,200,OK,Thread Group 1-3,text,true,,162482,175,30,30,http://192.168.229.128/medium2.pdf,1,0,0
1668877274370,3,HTTP Request,200,OK,Thread Group 1-15,bin,true,,52854,175,30,30,http://192.168.229.128/medium1.png,1,0,0
1668877274407,2,HTTP Request,200,OK,Thread Group 1-16,text,true,,162482,175,30,30,http://192.168.229.128/medium2.pdf,1,0,0
1668877274424,3,HTTP Request,200,OK,Thread Group 1-2,text,true,,237994,175,30,30,http://192.168.229.128/medium3.pdf,1,0,0
1668877274438,3,HTTP Request,200,OK,Thread Group 1-17,text,true,,162482,175,30,30,http://192.168.229.128/medium2.pdf,1,0,0
1668877274551,2,HTTP Request,200,OK,Thread Group 1-1,bin,true,,52854,175,30,30,http://192.168.229.128/medium1.png,1,0,0
1668877274550,5,HTTP Request,200,OK,Thread Group 1-18,text,true,,162482,175,30,30,http://192.168.229.128/medium2.pdf,2,0,0
1668877274648,4,HTTP Request,200,OK,Thread Group 1-4,text,true,,162482,175,30,30,http://192.168.229.128/medium2.pdf,2,0,0
1668877275858,4,HTTP Request,200,OK,Thread Group 1-23,bin,true,,52854,175,30,30,http://192.168.229.128/medium1.png,1,0,0
1668877275858,12,HTTP Request,200,OK,Thread Group 1-22,bin,true,,52854,175,30,30,http://192.168.229.128/medium1.png,3,0,0
1668877275857,17,HTTP Request,200,OK,Thread Group 1-19,text,true,,162482,175,30,30,http://192.168.229.128/medium2.pdf,1,0,0
1668877275861,13,HTTP Request,200,OK,Thread Group 1-20,bin,true,,52854,175,30,30,http://192.168.229.128/medium1.png,9,0,0
1668877275858,16,HTTP Request,200,OK,Thread Group 1-24,bin,true,,52854,175,30,30,http://192.168.229.128/medium1.png,12,0,0
1668877275861,15,HTTP Request,200,OK,Thread Group 1-8,bin,true,,52854,175,30,30,http://192.168.229.128/medium1.png,9,0,0
1668877275858,18,HTTP Request,200,OK,Thread Group 1-29,text,true,,162482,175,30,30,http://192.168.229.128/medium2.pdf,3,0,0
1668877275858,22,HTTP Request,200,OK,Thread Group 1-27,text,true,,162482,175,30,30,http://192.168.229.128/medium2.pdf,12,0,0
1668877275861,20,HTTP Request,200,OK,Thread Group 1-21,text,true,,237994,175,30,30,http://192.168.229.128/medium3.pdf,9,0,0
1668877275861,20,HTTP Request,200,OK,Thread Group 1-26,text,true,,237994,175,30,30,http://192.168.229.128/medium3.pdf,9,0,0
1668877275861,20,HTTP Request,200,OK,Thread Group 1-5,text,true,,237994,175,30,30,http://192.168.229.128/medium3.pdf,9,0,0
1668877275861,20,HTTP Request,200,OK,Thread Group 1-7,text,true,,162482,175,30,30,http://192.168.229.128/medium2.pdf,9,0,0
1668877275861,21,HTTP Request,200,OK,Thread Group 1-28,text,true,,237994,175,30,30,http://192.168.229.128/medium3.pdf,9,0,0
1668877275858,24,HTTP Request,200,OK,Thread Group 1-6,text,true,,237994,175,30,30,http://192.168.229.128/medium3.pdf,12,0,0
1668877275858,27,HTTP Request,200,OK,Thread Group 1-25,text,true,,237994,175,30,30,http://192.168.229.128/medium3.pdf,12,0,0
1668877275909,5,HTTP Request,200,OK,Thread Group 1-30,text,true,,237994,175,30,30,http://192.168.229.128/medium3.pdf,2,0,0
1668877276016,7,HTTP Request,200,OK,Thread Group 1-9,text,true,,237994,175,30,30,http://192.168.229.128/medium3.pdf,2,0,0
1668877276046,4,HTTP Request,200,OK,Thread Group 1-10,text,true,,162482,175,30,30,http://192.168.229.128/medium2.pdf,2,0,0
1668877276160,4,HTTP Request,200,OK,Thread Group 1-11,text,true,,237994,175,30,30,http://192.168.229.128/medium3.pdf,1,0,0
1668877276270,6,HTTP Request,200,OK,Thread Group 1-12,text,true,,162482,175,30,30,http://192.168.229.128/medium2.pdf,3,0,0
1668877276385,5,HTTP Request,200,OK,Thread Group 1-13,text,true,,237994,175,30,30,http://192.168.229.128/medium3.pdf,2,0,0
1668877276498,3,HTTP Request,200,OK,Thread Group 1-14,bin,true,,52854,175,30,30,http://192.168.229.128/medium1.png,2,0,0
1668877276694,4,HTTP Request,200,OK,Thread Group 1-3,bin,true,,52854,175,30,30,http://192.168.229.128/medium1.png,3,0,0
1668877276772,7,HTTP Request,200,OK,Thread Group 1-15,text,true,,237994,175,30,30,http://192.168.229.128/medium3.pdf,2,0,0
1668877276804,5,HTTP Request,200,OK,Thread Group 1-16,text,true,,162482,175,30,30,http://192.168.229.128/medium2.pdf,2,0,0
1668877276821,6,HTTP Request,200,OK,Thread Group 1-2,text,true,,237994,175,30,30,http://192.168.229.128/medium3.pdf,3,0,0
1668877276840,3,HTTP Request,200,OK,Thread Group 1-17,bin,true,,52854,175,30,30,http://192.168.229.128/medium1.png,1,0,0
1668877276948,6,HTTP Request,200,OK,Thread Group 1-1,text,true,,237994,175,30,30,http://192.168.229.128/medium3.pdf,2,0,0
1668877276949,6,HTTP Request,200,OK,Thread Group 1-18,text,true,,237994,175,30,30,http://192.168.229.128/medium3.pdf,2,0,0
1668877277049,14,HTTP Request,200,OK,Thread Group 1-4,text,true,,162482,175,30,30,http://192.168.229.128/medium2.pdf,4,0,0
1668877278258,5,HTTP Request,200,OK,Thread Group 1-6,bin,true,,52854,175,30,30,http://192.168.229.128/medium1.png,1,0,0
1668877278260,13,HTTP Request,200,OK,Thread Group 1-20,bin,true,,52854,175,30,30,http://192.168.229.128/medium1.png,9,0,0
1668877278260,13,HTTP Request,200,OK,Thread Group 1-29,bin,true,,52854,175,30,30,http://192.168.229.128/medium1.png,9,0,0
1668877278260,13,HTTP Request,200,OK,Thread Group 1-23,bin,true,,52854,175,30,30,http://192.168.229.128/medium1.png,9,0,0
1668877278260,14,HTTP Request,200,OK,Thread Group 1-5,bin,true,,52854,175,30,30,http://192.168.229.128/medium1.png,9,0,0
1668877278260,14,HTTP Request,200,OK,Thread Group 1-25,bin,true,,52854,175,30,30,http://192.168.229.128/medium1.png,9,0,0
1668877278259,19,HTTP Request,200,OK,Thread Group 1-19,text,true,,237994,175,30,30,http://192.168.229.128/medium3.pdf,2,0,0
1668877278260,18,HTTP Request,200,OK,Thread Group 1-21,text,true,,162482,175,30,30,http://192.168.229.128/medium2.pdf,9,0,0
1668877278260,19,HTTP Request,200,OK,Thread Group 1-28,text,true,,162482,175,30,30,http://192.168.229.128/medium2.pdf,9,0,0
1668877278260,19,HTTP Request,200,OK,Thread Group 1-24,text,true,,162482,175,30,30,http://192.168.229.128/medium2.pdf,9,0,0
1668877278260,19,HTTP Request,200,OK,Thread Group 1-27,text,true,,162482,175,30,30,http://192.168.229.128/medium2.pdf,9,0,0
1668877278260,19,HTTP Request,200,OK,Thread Group 1-26,text,true,,162482,175,30,30,http://192.168.229.128/medium2.pdf,9,0,0
1668877278260,19,HTTP Request,200,OK,Thread Group 1-22,text,true,,237994,175,30,30,http://192.168.229.128/medium3.pdf,9,0,0
1668877278260,20,HTTP Request,200,OK,Thread Group 1-8,text,true,,237994,175,30,30,http://192.168.229.128/medium3.pdf,9,0,0
1668877278260,20,HTTP Request,200,OK,Thread Group 1-7,text,true,,237994,175,30,30,http://192.168.229.128/medium3.pdf,9,0,0
1668877278308,4,HTTP Request,200,OK,Thread Group 1-30,text,true,,162482,175,30,30,http://192.168.229.128/medium2.pdf,1,0,0
1668877278415,4,HTTP Request,200,OK,Thread Group 1-9,text,true,,237994,175,30,30,http://192.168.229.128/medium3.pdf,1,0,0
1668877278448,3,HTTP Request,200,OK,Thread Group 1-10,bin,true,,52854,175,30,30,http://192.168.229.128/medium1.png,2,0,0
1668877278560,4,HTTP Request,200,OK,Thread Group 1-11,text,true,,237994,175,30,30,http://192.168.229.128/medium3.pdf,1,0,0
1668877278671,4,HTTP Request,200,OK,Thread Group 1-12,text,true,,237994,175,30,30,http://192.168.229.128/medium3.pdf,1,0,0
1668877278786,4,HTTP Request,200,OK,Thread Group 1-13,text,true,,162482,175,30,30,http://192.168.229.128/medium2.pdf,1,0,0
1668877278900,4,HTTP Request,200,OK,Thread Group 1-14,text,true,,162482,175,30,30,http://192.168.229.128/medium2.pdf,2,0,0
1668877279095,2,HTTP Request,200,OK,Thread Group 1-3,bin,true,,52854,175,30,30,http://192.168.229.128/medium1.png,1,0,0
1668877279170,3,HTTP Request,200,OK,Thread Group 1-15,bin,true,,52854,175,30,30,http://192.168.229.128/medium1.png,1,0,0
1668877279204,3,HTTP Request,200,OK,Thread Group 1-16,bin,true,,52854,175,30,30,http://192.168.229.128/medium1.png,2,0,0
1668877279221,4,HTTP Request,200,OK,Thread Group 1-2,text,true,,162482,175,30,30,http://192.168.229.128/medium2.pdf,2,0,0
1668877279238,3,HTTP Request,200,OK,Thread Group 1-17,text,true,,162482,175,30,30,http://192.168.229.128/medium2.pdf,1,0,0
1668877279350,3,HTTP Request,200,OK,Thread Group 1-18,bin,true,,52854,175,30,30,http://192.168.229.128/medium1.png,1,0,0
1668877279349,4,HTTP Request,200,OK,Thread Group 1-1,text,true,,162482,175,30,30,http://192.168.229.128/medium2.pdf,2,0,0
1668877279451,4,HTTP Request,200,OK,Thread Group 1-4,text,true,,237994,175,30,30,http://192.168.229.128/medium3.pdf,1,0,0
1668877280659,18,HTTP Request,200,OK,Thread Group 1-29,bin,true,,52854,175,30,30,http://192.168.229.128/medium1.png,9,0,0
1668877280659,19,HTTP Request,200,OK,Thread Group 1-24,bin,true,,52854,175,30,30,http://192.168.229.128/medium1.png,9,0,0
1668877280658,20,HTTP Request,200,OK,Thread Group 1-28,text,true,,162482,175,30,30,http://192.168.229.128/medium2.pdf,2,0,0
1668877280660,18,HTTP Request,200,OK,Thread Group 1-7,bin,true,,52854,175,30,30,http://192.168.229.128/medium1.png,8,0,0
1668877280659,27,HTTP Request,200,OK,Thread Group 1-25,bin,true,,52854,175,30,30,http://192.168.229.128/medium1.png,18,0,0
1668877280659,27,HTTP Request,200,OK,Thread Group 1-23,text,true,,162482,175,30,30,http://192.168.229.128/medium2.pdf,9,0,0
1668877280658,29,HTTP Request,200,OK,Thread Group 1-19,text,true,,237994,175,30,30,http://192.168.229.128/medium3.pdf,11,0,0
1668877280659,28,HTTP Request,200,OK,Thread Group 1-21,text,true,,237994,175,30,30,http://192.168.229.128/medium3.pdf,10,0,0
1668877280659,29,HTTP Request,200,OK,Thread Group 1-20,text,true,,162482,175,30,30,http://192.168.229.128/medium2.pdf,9,0,0
1668877280659,29,HTTP Request,200,OK,Thread Group 1-26,text,true,,162482,175,30,30,http://192.168.229.128/medium2.pdf,10,0,0
1668877280659,30,HTTP Request,200,OK,Thread Group 1-22,text,true,,237994,175,30,30,http://192.168.229.128/medium3.pdf,9,0,0
1668877280659,30,HTTP Request,200,OK,Thread Group 1-6,text,true,,162482,175,30,30,http://192.168.229.128/medium2.pdf,9,0,0
1668877280659,30,HTTP Request,200,OK,Thread Group 1-27,text,true,,162482,175,30,30,http://192.168.229.128/medium2.pdf,10,0,0
1668877280659,30,HTTP Request,200,OK,Thread Group 1-8,text,true,,162482,175,30,30,http://192.168.229.128/medium2.pdf,19,0,0
1668877280659,32,HTTP Request,200,OK,Thread Group 1-5,text,true,,237994,175,30,30,http://192.168.229.128/medium3.pdf,10,0,0
1668877280707,5,HTTP Request,200,OK,Thread Group 1-30,text,true,,162482,175,30,30,http://192.168.229.128/medium2.pdf,2,0,0
1668877280813,7,HTTP Request,200,OK,Thread Group 1-9,text,true,,237994,175,30,30,http://192.168.229.128/medium3.pdf,3,0,0
1668877280846,3,HTTP Request,200,OK,Thread Group 1-10,bin,true,,52854,175,30,30,http://192.168.229.128/medium1.png,2,0,0
1668877280960,4,HTTP Request,200,OK,Thread Group 1-11,text,true,,162482,175,30,30,http://192.168.229.128/medium2.pdf,1,0,0
1668877281071,7,HTTP Request,200,OK,Thread Group 1-12,text,true,,237994,175,30,30,http://192.168.229.128/medium3.pdf,2,0,0
1668877281187,3,HTTP Request,200,OK,Thread Group 1-13,bin,true,,52854,175,30,30,http://192.168.229.128/medium1.png,2,0,0
1668877281299,5,HTTP Request,200,OK,Thread Group 1-14,text,true,,162482,175,30,30,http://192.168.229.128/medium2.pdf,2,0,0
1668877281495,5,HTTP Request,200,OK,Thread Group 1-3,text,true,,237994,175,30,30,http://192.168.229.128/medium3.pdf,2,0,0
1668877281571,5,HTTP Request,200,OK,Thread Group 1-15,text,true,,237994,175,30,30,http://192.168.229.128/medium3.pdf,2,0,0
1668877281606,4,HTTP Request,200,OK,Thread Group 1-16,text,true,,162482,175,30,30,http://192.168.229.128/medium2.pdf,2,0,0
1668877281621,5,HTTP Request,200,OK,Thread Group 1-2,text,true,,162482,175,30,30,http://192.168.229.128/medium2.pdf,2,0,0
1668877281637,6,HTTP Request,200,OK,Thread Group 1-17,text,true,,162482,175,30,30,http://192.168.229.128/medium2.pdf,2,0,0
1668877281750,4,HTTP Request,200,OK,Thread Group 1-1,bin,true,,52854,175,30,30,http://192.168.229.128/medium1.png,2,0,0
1668877281749,8,HTTP Request,200,OK,Thread Group 1-18,text,true,,237994,175,30,30,http://192.168.229.128/medium3.pdf,4,0,0
1668877281847,4,HTTP Request,200,OK,Thread Group 1-4,bin,true,,52854,175,30,30,http://192.168.229.128/medium1.png,2,0,0
1668877283058,15,HTTP Request,200,OK,Thread Group 1-23,bin,true,,52854,175,30,30,http://192.168.229.128/medium1.png,2,0,0
1668877283059,21,HTTP Request,200,OK,Thread Group 1-20,bin,true,,52854,175,30,30,http://192.168.229.128/medium1.png,14,0,0
1668877283059,21,HTTP Request,200,OK,Thread Group 1-28,bin,true,,52854,175,30,30,http://192.168.229.128/medium1.png,14,0,0
1668877283061,20,HTTP Request,200,OK,Thread Group 1-22,bin,true,,52854,175,30,30,http://192.168.229.128/medium1.png,12,0,0
1668877283059,22,HTTP Request,200,OK,Thread Group 1-7,bin,true,,52854,175,30,30,http://192.168.229.128/medium1.png,15,0,0
1668877283059,22,HTTP Request,200,OK,Thread Group 1-21,bin,true,,52854,175,30,30,http://192.168.229.128/medium1.png,15,0,0
1668877283061,24,HTTP Request,200,OK,Thread Group 1-26,bin,true,,52854,175,30,30,http://192.168.229.128/medium1.png,13,0,0
1668877283058,27,HTTP Request,200,OK,Thread Group 1-25,bin,true,,52854,175,30,30,http://192.168.229.128/medium1.png,16,0,0
1668877283057,29,HTTP Request,200,OK,Thread Group 1-19,text,true,,162482,175,30,30,http://192.168.229.128/medium2.pdf,2,0,0
1668877283059,34,HTTP Request,200,OK,Thread Group 1-24,text,true,,237994,175,30,30,http://192.168.229.128/medium3.pdf,15,0,0
1668877283059,34,HTTP Request,200,OK,Thread Group 1-8,text,true,,237994,175,30,30,http://192.168.229.128/medium3.pdf,15,0,0
1668877283061,33,HTTP Request,200,OK,Thread Group 1-6,text,true,,237994,175,30,30,http://192.168.229.128/medium3.pdf,13,0,0
1668877283059,35,HTTP Request,200,OK,Thread Group 1-29,text,true,,237994,175,30,30,http://192.168.229.128/medium3.pdf,14,0,0
1668877283059,35,HTTP Request,200,OK,Thread Group 1-5,text,true,,237994,175,30,30,http://192.168.229.128/medium3.pdf,15,0,0
1668877283061,33,HTTP Request,200,OK,Thread Group 1-27,text,true,,237994,175,30,30,http://192.168.229.128/medium3.pdf,13,0,0
1668877283108,5,HTTP Request,200,OK,Thread Group 1-30,bin,true,,52854,175,30,30,http://192.168.229.128/medium1.png,1,0,0
1668877283213,6,HTTP Request,200,OK,Thread Group 1-9,text,true,,237994,175,30,30,http://192.168.229.128/medium3.pdf,2,0,0
1668877283247,6,HTTP Request,200,OK,Thread Group 1-10,text,true,,162482,175,30,30,http://192.168.229.128/medium2.pdf,2,0,0
1668877283359,5,HTTP Request,200,OK,Thread Group 1-11,text,true,,162482,175,30,30,http://192.168.229.128/medium2.pdf,2,0,0
1668877283471,4,HTTP Request,200,OK,Thread Group 1-12,bin,true,,52854,175,30,30,http://192.168.229.128/medium1.png,2,0,0
1668877283586,6,HTTP Request,200,OK,Thread Group 1-13,text,true,,162482,175,30,30,http://192.168.229.128/medium2.pdf,2,0,0
1668877283698,3,HTTP Request,200,OK,Thread Group 1-14,bin,true,,52854,175,30,30,http://192.168.229.128/medium1.png,2,0,0
1668877283894,3,HTTP Request,200,OK,Thread Group 1-3,bin,true,,52854,175,30,30,http://192.168.229.128/medium1.png,2,0,0
1668877283971,5,HTTP Request,200,OK,Thread Group 1-15,text,true,,162482,175,30,30,http://192.168.229.128/medium2.pdf,2,0,0
1668877284004,4,HTTP Request,200,OK,Thread Group 1-16,bin,true,,52854,175,30,30,http://192.168.229.128/medium1.png,2,0,0
1668877284022,5,HTTP Request,200,OK,Thread Group 1-2,text,true,,237994,175,30,30,http://192.168.229.128/medium3.pdf,2,0,0
1668877284038,6,HTTP Request,200,OK,Thread Group 1-17,text,true,,162482,175,30,30,http://192.168.229.128/medium2.pdf,1,0,0
1668877284149,4,HTTP Request,200,OK,Thread Group 1-1,bin,true,,52854,175,30,30,http://192.168.229.128/medium1.png,2,0,0
1668877284151,4,HTTP Request,200,OK,Thread Group 1-18,bin,true,,52854,175,30,30,http://192.168.229.128/medium1.png,2,0,0
1668877284247,6,HTTP Request,200,OK,Thread Group 1-4,text,true,,237994,175,30,30,http://192.168.229.128/medium3.pdf,2,0,0
1668877285457,9,HTTP Request,200,OK,Thread Group 1-19,text,true,,162482,175,30,30,http://192.168.229.128/medium2.pdf,3,0,0
1668877285459,28,HTTP Request,200,OK,Thread Group 1-22,text,true,,162482,175,30,30,http://192.168.229.128/medium2.pdf,7,0,0
1668877285458,29,HTTP Request,200,OK,Thread Group 1-29,text,true,,162482,175,30,30,http://192.168.229.128/medium2.pdf,2,0,0
1668877285460,28,HTTP Request,200,OK,Thread Group 1-8,bin,true,,52854,175,30,30,http://192.168.229.128/medium1.png,19,0,0
1668877285459,29,HTTP Request,200,OK,Thread Group 1-23,bin,true,,52854,175,30,30,http://192.168.229.128/medium1.png,20,0,0
1668877285458,39,HTTP Request,200,OK,Thread Group 1-5,text,true,,162482,175,30,30,http://192.168.229.128/medium2.pdf,21,0,0
1668877285459,38,HTTP Request,200,OK,Thread Group 1-28,text,true,,237994,175,30,30,http://192.168.229.128/medium3.pdf,7,0,0
1668877285458,39,HTTP Request,200,OK,Thread Group 1-27,text,true,,162482,175,30,30,http://192.168.229.128/medium2.pdf,21,0,0
1668877285460,37,HTTP Request,200,OK,Thread Group 1-26,text,true,,162482,175,30,30,http://192.168.229.128/medium2.pdf,19,0,0
1668877285458,40,HTTP Request,200,OK,Thread Group 1-7,text,true,,162482,175,30,30,http://192.168.229.128/medium2.pdf,21,0,0
1668877285460,38,HTTP Request,200,OK,Thread Group 1-6,text,true,,162482,175,30,30,http://192.168.229.128/medium2.pdf,19,0,0
1668877285459,39,HTTP Request,200,OK,Thread Group 1-20,text,true,,237994,175,30,30,http://192.168.229.128/medium3.pdf,7,0,0
1668877285460,38,HTTP Request,200,OK,Thread Group 1-24,text,true,,237994,175,30,30,http://192.168.229.128/medium3.pdf,19,0,0
1668877285460,38,HTTP Request,200,OK,Thread Group 1-21,text,true,,237994,175,30,30,http://192.168.229.128/medium3.pdf,19,0,0
1668877285460,40,HTTP Request,200,OK,Thread Group 1-25,text,true,,162482,175,30,30,http://192.168.229.128/medium2.pdf,19,0,0
1668877285509,9,HTTP Request,200,OK,Thread Group 1-30,text,true,,237994,175,30,30,http://192.168.229.128/medium3.pdf,2,0,0
1668877285616,4,HTTP Request,200,OK,Thread Group 1-9,bin,true,,52854,175,30,30,http://192.168.229.128/medium1.png,2,0,0
1668877285648,5,HTTP Request,200,OK,Thread Group 1-10,text,true,,162482,175,30,30,http://192.168.229.128/medium2.pdf,2,0,0
1668877285760,3,HTTP Request,200,OK,Thread Group 1-11,bin,true,,52854,175,30,30,http://192.168.229.128/medium1.png,2,0,0
1668877285871,3,HTTP Request,200,OK,Thread Group 1-12,bin,true,,52854,175,30,30,http://192.168.229.128/medium1.png,2,0,0
1668877285987,5,HTTP Request,200,OK,Thread Group 1-13,text,true,,237994,175,30,30,http://192.168.229.128/medium3.pdf,1,0,0
1668877286099,5,HTTP Request,200,OK,Thread Group 1-14,text,true,,237994,175,30,30,http://192.168.229.128/medium3.pdf,2,0,0
1668877286295,3,HTTP Request,200,OK,Thread Group 1-3,bin,true,,52854,175,30,30,http://192.168.229.128/medium1.png,2,0,0
1668877286371,3,HTTP Request,200,OK,Thread Group 1-15,bin,true,,52854,175,30,30,http://192.168.229.128/medium1.png,2,0,0
1668877286405,5,HTTP Request,200,OK,Thread Group 1-16,text,true,,162482,175,30,30,http://192.168.229.128/medium2.pdf,1,0,0
1668877286422,3,HTTP Request,200,OK,Thread Group 1-2,bin,true,,52854,175,30,30,http://192.168.229.128/medium1.png,2,0,0
1668877286441,4,HTTP Request,200,OK,Thread Group 1-17,text,true,,237994,175,30,30,http://192.168.229.128/medium3.pdf,2,0,0
1668877286549,4,HTTP Request,200,OK,Thread Group 1-1,bin,true,,52854,175,30,30,http://192.168.229.128/medium1.png,2,0,0
1668877286550,5,HTTP Request,200,OK,Thread Group 1-18,text,true,,162482,175,30,30,http://192.168.229.128/medium2.pdf,1,0,0
1668877286649,3,HTTP Request,200,OK,Thread Group 1-4,bin,true,,52854,175,30,30,http://192.168.229.128/medium1.png,1,0,0
1668877287858,13,HTTP Request,200,OK,Thread Group 1-28,bin,true,,52854,175,30,30,http://192.168.229.128/medium1.png,2,0,0
1668877287860,17,HTTP Request,200,OK,Thread Group 1-29,bin,true,,52854,175,30,30,http://192.168.229.128/medium1.png,10,0,0
1668877287858,19,HTTP Request,200,OK,Thread Group 1-7,bin,true,,52854,175,30,30,http://192.168.229.128/medium1.png,12,0,0
1668877287858,19,HTTP Request,200,OK,Thread Group 1-24,bin,true,,52854,175,30,30,http://192.168.229.128/medium1.png,12,0,0
1668877287859,18,HTTP Request,200,OK,Thread Group 1-19,bin,true,,52854,175,30,30,http://192.168.229.128/medium1.png,11,0,0
1668877287860,21,HTTP Request,200,OK,Thread Group 1-8,bin,true,,52854,175,30,30,http://192.168.229.128/medium1.png,10,0,0
1668877287860,21,HTTP Request,200,OK,Thread Group 1-26,bin,true,,52854,175,30,30,http://192.168.229.128/medium1.png,10,0,0
1668877287860,21,HTTP Request,200,OK,Thread Group 1-23,bin,true,,52854,175,30,30,http://192.168.229.128/medium1.png,10,0,0
1668877287858,23,HTTP Request,200,OK,Thread Group 1-20,text,true,,237994,175,30,30,http://192.168.229.128/medium3.pdf,2,0,0
1668877287858,27,HTTP Request,200,OK,Thread Group 1-21,text,true,,162482,175,30,30,http://192.168.229.128/medium2.pdf,12,0,0
1668877287858,26,HTTP Request,200,OK,Thread Group 1-6,text,true,,162482,175,30,30,http://192.168.229.128/medium2.pdf,12,0,0
1668877287860,25,HTTP Request,200,OK,Thread Group 1-25,text,true,,162482,175,30,30,http://192.168.229.128/medium2.pdf,10,0,0
1668877287858,27,HTTP Request,200,OK,Thread Group 1-22,text,true,,237994,175,30,30,http://192.168.229.128/medium3.pdf,12,0,0
1668877287860,25,HTTP Request,200,OK,Thread Group 1-27,text,true,,162482,175,30,30,http://192.168.229.128/medium2.pdf,10,0,0
1668877287858,30,HTTP Request,200,OK,Thread Group 1-5,text,true,,237994,175,30,30,http://192.168.229.128/medium3.pdf,12,0,0
1668877287908,8,HTTP Request,200,OK,Thread Group 1-30,text,true,,162482,175,30,30,http://192.168.229.128/medium2.pdf,1,0,0
1668877288013,6,HTTP Request,200,OK,Thread Group 1-9,text,true,,237994,175,30,30,http://192.168.229.128/medium3.pdf,2,0,0
1668877288046,5,HTTP Request,200,OK,Thread Group 1-10,text,true,,237994,175,30,30,http://192.168.229.128/medium3.pdf,2,0,0
1668877288159,3,HTTP Request,200,OK,Thread Group 1-11,bin,true,,52854,175,30,30,http://192.168.229.128/medium1.png,2,0,0
1668877288270,3,HTTP Request,200,OK,Thread Group 1-12,bin,true,,52854,175,30,30,http://192.168.229.128/medium1.png,2,0,0
1668877288385,6,HTTP Request,200,OK,Thread Group 1-13,text,true,,237994,175,30,30,http://192.168.229.128/medium3.pdf,3,0,0
1668877288500,6,HTTP Request,200,OK,Thread Group 1-14,text,true,,162482,175,30,30,http://192.168.229.128/medium2.pdf,1,0,0
1668877288698,6,HTTP Request,200,OK,Thread Group 1-3,text,true,,237994,175,30,30,http://192.168.229.128/medium3.pdf,2,0,0
1668877288772,5,HTTP Request,200,OK,Thread Group 1-15,text,true,,162482,175,30,30,http://192.168.229.128/medium2.pdf,2,0,0
1668877288806,5,HTTP Request,200,OK,Thread Group 1-16,text,true,,162482,175,30,30,http://192.168.229.128/medium2.pdf,2,0,0
1668877288822,5,HTTP Request,200,OK,Thread Group 1-2,text,true,,162482,175,30,30,http://192.168.229.128/medium2.pdf,1,0,0
1668877288837,2,HTTP Request,200,OK,Thread Group 1-17,bin,true,,52854,175,30,30,http://192.168.229.128/medium1.png,1,0,0
1668877288948,4,HTTP Request,200,OK,Thread Group 1-1,bin,true,,52854,175,30,30,http://192.168.229.128/medium1.png,2,0,0
1668877288952,6,HTTP Request,200,OK,Thread Group 1-18,text,true,,237994,175,30,30,http://192.168.229.128/medium3.pdf,2,0,0
1668877289050,4,HTTP Request,200,OK,Thread Group 1-4,text,true,,162482,175,30,30,http://192.168.229.128/medium2.pdf,2,0,0
1668877290259,21,HTTP Request,200,OK,Thread Group 1-21,bin,true,,52854,175,30,30,http://192.168.229.128/medium1.png,13,0,0
1668877290259,25,HTTP Request,200,OK,Thread Group 1-8,bin,true,,52854,175,30,30,http://192.168.229.128/medium1.png,13,0,0
1668877290259,25,HTTP Request,200,OK,Thread Group 1-6,bin,true,,52854,175,30,30,http://192.168.229.128/medium1.png,13,0,0
1668877290259,25,HTTP Request,200,OK,Thread Group 1-24,bin,true,,52854,175,30,30,http://192.168.229.128/medium1.png,13,0,0
1668877290259,25,HTTP Request,200,OK,Thread Group 1-7,bin,true,,52854,175,30,30,http://192.168.229.128/medium1.png,13,0,0
1668877290259,26,HTTP Request,200,OK,Thread Group 1-26,bin,true,,52854,175,30,30,http://192.168.229.128/medium1.png,13,0,0
1668877290260,25,HTTP Request,200,OK,Thread Group 1-19,bin,true,,52854,175,30,30,http://192.168.229.128/medium1.png,12,0,0
1668877290259,32,HTTP Request,200,OK,Thread Group 1-29,text,true,,162482,175,30,30,http://192.168.229.128/medium2.pdf,2,0,0
1668877290259,33,HTTP Request,200,OK,Thread Group 1-28,text,true,,237994,175,30,30,http://192.168.229.128/medium3.pdf,13,0,0
1668877290259,33,HTTP Request,200,OK,Thread Group 1-25,text,true,,162482,175,30,30,http://192.168.229.128/medium2.pdf,13,0,0
1668877290260,32,HTTP Request,200,OK,Thread Group 1-5,text,true,,162482,175,30,30,http://192.168.229.128/medium2.pdf,12,0,0
1668877290259,33,HTTP Request,200,OK,Thread Group 1-22,text,true,,237994,175,30,30,http://192.168.229.128/medium3.pdf,13,0,0
1668877290259,33,HTTP Request,200,OK,Thread Group 1-23,text,true,,237994,175,30,30,http://192.168.229.128/medium3.pdf,4,0,0
1668877290259,34,HTTP Request,200,OK,Thread Group 1-20,text,true,,237994,175,30,30,http://192.168.229.128/medium3.pdf,13,0,0
1668877290259,34,HTTP Request,200,OK,Thread Group 1-27,text,true,,237994,175,30,30,http://192.168.229.128/medium3.pdf,13,0,0
1668877290307,6,HTTP Request,200,OK,Thread Group 1-30,text,true,,237994,175,30,30,http://192.168.229.128/medium3.pdf,2,0,0
1668877290413,4,HTTP Request,200,OK,Thread Group 1-9,text,true,,162482,175,30,30,http://192.168.229.128/medium2.pdf,2,0,0
1668877290446,3,HTTP Request,200,OK,Thread Group 1-10,bin,true,,52854,175,30,30,http://192.168.229.128/medium1.png,2,0,0
1668877290561,4,HTTP Request,200,OK,Thread Group 1-11,text,true,,162482,175,30,30,http://192.168.229.128/medium2.pdf,2,0,0
1668877290673,4,HTTP Request,200,OK,Thread Group 1-12,text,true,,162482,175,30,30,http://192.168.229.128/medium2.pdf,1,0,0
1668877290789,5,HTTP Request,200,OK,Thread Group 1-13,text,true,,237994,175,30,30,http://192.168.229.128/medium3.pdf,2,0,0
1668877290899,2,HTTP Request,200,OK,Thread Group 1-14,bin,true,,52854,175,30,30,http://192.168.229.128/medium1.png,2,0,0
1668877291094,2,HTTP Request,200,OK,Thread Group 1-3,bin,true,,52854,175,30,30,http://192.168.229.128/medium1.png,2,0,0
1668877291170,3,HTTP Request,200,OK,Thread Group 1-15,bin,true,,52854,175,30,30,http://192.168.229.128/medium1.png,2,0,0
1668877291204,3,HTTP Request,200,OK,Thread Group 1-16,bin,true,,52854,175,30,30,http://192.168.229.128/medium1.png,2,0,0
1668877291222,2,HTTP Request,200,OK,Thread Group 1-2,bin,true,,52854,175,30,30,http://192.168.229.128/medium1.png,2,0,0
1668877291238,3,HTTP Request,200,OK,Thread Group 1-17,bin,true,,52854,175,30,30,http://192.168.229.128/medium1.png,2,0,0
1668877291350,5,HTTP Request,200,OK,Thread Group 1-18,text,true,,162482,175,30,30,http://192.168.229.128/medium2.pdf,2,0,0
1668877291351,4,HTTP Request,200,OK,Thread Group 1-1,text,true,,162482,175,30,30,http://192.168.229.128/medium2.pdf,2,0,0
1668877291447,3,HTTP Request,200,OK,Thread Group 1-4,bin,true,,52854,175,30,30,http://192.168.229.128/medium1.png,2,0,0
1668877292659,18,HTTP Request,200,OK,Thread Group 1-20,bin,true,,52854,175,30,30,http://192.168.229.128/medium1.png,10,0,0
1668877292658,19,HTTP Request,200,OK,Thread Group 1-24,bin,true,,52854,175,30,30,http://192.168.229.128/medium1.png,12,0,0
1668877292658,19,HTTP Request,200,OK,Thread Group 1-8,bin,true,,52854,175,30,30,http://192.168.229.128/medium1.png,12,0,0
1668877292658,20,HTTP Request,200,OK,Thread Group 1-22,text,true,,162482,175,30,30,http://192.168.229.128/medium2.pdf,5,0,0
1668877292659,19,HTTP Request,200,OK,Thread Group 1-5,bin,true,,52854,175,30,30,http://192.168.229.128/medium1.png,12,0,0
1668877292659,20,HTTP Request,200,OK,Thread Group 1-25,bin,true,,52854,175,30,30,http://192.168.229.128/medium1.png,12,0,0
1668877292658,25,HTTP Request,200,OK,Thread Group 1-23,text,true,,162482,175,30,30,http://192.168.229.128/medium2.pdf,11,0,0
1668877292658,25,HTTP Request,200,OK,Thread Group 1-28,text,true,,162482,175,30,30,http://192.168.229.128/medium2.pdf,11,0,0
1668877292657,26,HTTP Request,200,OK,Thread Group 1-19,text,true,,162482,175,30,30,http://192.168.229.128/medium2.pdf,13,0,0
1668877292658,25,HTTP Request,200,OK,Thread Group 1-21,text,true,,237994,175,30,30,http://192.168.229.128/medium3.pdf,12,0,0
1668877292659,24,HTTP Request,200,OK,Thread Group 1-26,text,true,,162482,175,30,30,http://192.168.229.128/medium2.pdf,12,0,0
1668877292658,25,HTTP Request,200,OK,Thread Group 1-6,text,true,,162482,175,30,30,http://192.168.229.128/medium2.pdf,12,0,0
1668877292659,25,HTTP Request,200,OK,Thread Group 1-27,text,true,,237994,175,30,30,http://192.168.229.128/medium3.pdf,12,0,0
1668877292659,26,HTTP Request,200,OK,Thread Group 1-7,text,true,,162482,175,30,30,http://192.168.229.128/medium2.pdf,11,0,0
1668877292658,27,HTTP Request,200,OK,Thread Group 1-29,text,true,,237994,175,30,30,http://192.168.229.128/medium3.pdf,11,0,0
1668877292707,8,HTTP Request,200,OK,Thread Group 1-30,text,true,,237994,175,30,30,http://192.168.229.128/medium3.pdf,2,0,0
1668877292814,3,HTTP Request,200,OK,Thread Group 1-9,bin,true,,52854,175,30,30,http://192.168.229.128/medium1.png,2,0,0
1668877292847,2,HTTP Request,200,OK,Thread Group 1-10,bin,true,,52854,175,30,30,http://192.168.229.128/medium1.png,1,0,0
1668877292961,17,HTTP Request,200,OK,Thread Group 1-11,text,true,,237994,175,30,30,http://192.168.229.128/medium3.pdf,3,0,0
1668877293072,13,HTTP Request,200,OK,Thread Group 1-12,text,true,,162482,175,30,30,http://192.168.229.128/medium2.pdf,3,0,0
1668877293185,9,HTTP Request,200,OK,Thread Group 1-13,text,true,,162482,175,30,30,http://192.168.229.128/medium2.pdf,2,0,0
1668877293298,4,HTTP Request,200,OK,Thread Group 1-14,bin,true,,52854,175,30,30,http://192.168.229.128/medium1.png,3,0,0
1668877293494,10,HTTP Request,200,OK,Thread Group 1-3,text,true,,237994,175,30,30,http://192.168.229.128/medium3.pdf,4,0,0
1668877293572,6,HTTP Request,200,OK,Thread Group 1-15,bin,true,,52854,175,30,30,http://192.168.229.128/medium1.png,2,0,0
1668877293606,10,HTTP Request,200,OK,Thread Group 1-16,text,true,,237994,175,30,30,http://192.168.229.128/medium3.pdf,2,0,0
1668877293622,11,HTTP Request,200,OK,Thread Group 1-2,text,true,,237994,175,30,30,http://192.168.229.128/medium3.pdf,3,0,0
1668877293639,5,HTTP Request,200,OK,Thread Group 1-17,bin,true,,52854,175,30,30,http://192.168.229.128/medium1.png,2,0,0
1668877293750,25,HTTP Request,200,OK,Thread Group 1-18,text,true,,237994,175,30,30,http://192.168.229.128/medium3.pdf,4,0,0
1668877293748,29,HTTP Request,200,OK,Thread Group 1-1,text,true,,237994,175,30,30,http://192.168.229.128/medium3.pdf,4,0,0
1668877293850,13,HTTP Request,200,OK,Thread Group 1-4,text,true,,162482,175,30,30,http://192.168.229.128/medium2.pdf,3,0,0
1668877295057,14,HTTP Request,200,OK,Thread Group 1-19,bin,true,,52854,175,30,30,http://192.168.229.128/medium1.png,4,0,0
1668877295058,14,HTTP Request,200,OK,Thread Group 1-28,bin,true,,52854,175,29,29,http://192.168.229.128/medium1.png,9,0,0
1668877295058,14,HTTP Request,200,OK,Thread Group 1-22,bin,true,,52854,175,29,29,http://192.168.229.128/medium1.png,9,0,0
1668877295058,14,HTTP Request,200,OK,Thread Group 1-23,bin,true,,52854,175,29,29,http://192.168.229.128/medium1.png,9,0,0
1668877295058,26,HTTP Request,200,OK,Thread Group 1-8,bin,true,,52854,175,26,26,http://192.168.229.128/medium1.png,9,0,0
1668877295059,25,HTTP Request,200,OK,Thread Group 1-26,bin,true,,52854,175,26,26,http://192.168.229.128/medium1.png,9,0,0
1668877295058,27,HTTP Request,200,OK,Thread Group 1-29,text,true,,162482,175,24,24,http://192.168.229.128/medium2.pdf,9,0,0
1668877295060,29,HTTP Request,200,OK,Thread Group 1-24,text,true,,162482,175,23,23,http://192.168.229.128/medium2.pdf,7,0,0
1668877295058,31,HTTP Request,200,OK,Thread Group 1-21,text,true,,162482,175,23,23,http://192.168.229.128/medium2.pdf,9,0,0
1668877295060,30,HTTP Request,200,OK,Thread Group 1-20,text,true,,162482,175,21,21,http://192.168.229.128/medium2.pdf,7,0,0
1668877295059,31,HTTP Request,200,OK,Thread Group 1-6,text,true,,162482,175,21,21,http://192.168.229.128/medium2.pdf,8,0,0
1668877295059,31,HTTP Request,200,OK,Thread Group 1-27,text,true,,162482,175,19,19,http://192.168.229.128/medium2.pdf,9,0,0
1668877295058,32,HTTP Request,200,OK,Thread Group 1-25,text,true,,162482,175,19,19,http://192.168.229.128/medium2.pdf,10,0,0
1668877295058,32,HTTP Request,200,OK,Thread Group 1-5,text,true,,237994,175,17,17,http://192.168.229.128/medium3.pdf,9,0,0
1668877295058,34,HTTP Request,200,OK,Thread Group 1-7,text,true,,237994,175,17,17,http://192.168.229.128/medium3.pdf,9,0,0
1668877295108,7,HTTP Request,200,OK,Thread Group 1-30,text,true,,162482,175,17,17,http://192.168.229.128/medium2.pdf,1,0,0
1668877295214,4,HTTP Request,200,OK,Thread Group 1-9,text,true,,162482,175,17,17,http://192.168.229.128/medium2.pdf,2,0,0
1668877295247,3,HTTP Request,200,OK,Thread Group 1-10,bin,true,,52854,175,16,16,http://192.168.229.128/medium1.png,2,0,0
1668877295360,5,HTTP Request,200,OK,Thread Group 1-11,text,true,,237994,175,16,16,http://192.168.229.128/medium3.pdf,1,0,0
1668877295471,4,HTTP Request,200,OK,Thread Group 1-12,bin,true,,52854,175,15,15,http://192.168.229.128/medium1.png,2,0,0
1668877295587,3,HTTP Request,200,OK,Thread Group 1-13,bin,true,,52854,175,14,14,http://192.168.229.128/medium1.png,2,0,0
1668877295699,5,HTTP Request,200,OK,Thread Group 1-14,text,true,,237994,175,13,13,http://192.168.229.128/medium3.pdf,1,0,0
1668877295897,5,HTTP Request,200,OK,Thread Group 1-3,text,true,,162482,175,12,12,http://192.168.229.128/medium2.pdf,2,0,0
1668877295970,3,HTTP Request,200,OK,Thread Group 1-15,bin,true,,52854,175,11,11,http://192.168.229.128/medium1.png,2,0,0
1668877296004,5,HTTP Request,200,OK,Thread Group 1-16,text,true,,162482,175,10,10,http://192.168.229.128/medium2.pdf,3,0,0
1668877296021,6,HTTP Request,200,OK,Thread Group 1-2,text,true,,237994,175,9,9,http://192.168.229.128/medium3.pdf,2,0,0
1668877296037,4,HTTP Request,200,OK,Thread Group 1-17,text,true,,162482,175,8,8,http://192.168.229.128/medium2.pdf,2,0,0
1668877296150,8,HTTP Request,200,OK,Thread Group 1-1,text,true,,237994,175,7,7,http://192.168.229.128/medium3.pdf,2,0,0
1668877296150,10,HTTP Request,200,OK,Thread Group 1-18,text,true,,237994,175,6,6,http://192.168.229.128/medium3.pdf,3,0,0
1668877296250,4,HTTP Request,200,OK,Thread Group 1-4,bin,true,,52854,175,5,5,http://192.168.229.128/medium1.png,2,0,0
1668877296418,7,HTTP Request,200,OK,Thread Group 1-5,text,true,,162482,175,4,4,http://192.168.229.128/medium2.pdf,2,0,0
1668877296418,11,HTTP Request,200,OK,Thread Group 1-7,text,true,,237994,175,3,3,http://192.168.229.128/medium3.pdf,3,0,0
1668877296468,6,HTTP Request,200,OK,Thread Group 1-30,text,true,,237994,175,2,2,http://192.168.229.128/medium3.pdf,2,0,0
1668877296529,8,HTTP Request,200,OK,Thread Group 1-10,text,true,,237994,175,1,1,http://192.168.229.128/medium3.pdf,1,0,0
